Pair,EntryTime,ExitTime,EntryPrice,ExitPrice,R,DurationBars,BTC_OK,VolExpansion,FailedBounce,Rejection,LiquidationOverride,MaxFavorableR,MaxAdverseR
B-BTCUSDT,1516060800000,1516089600000,13229.92,12168.369705805522,5.25,32,1,0,0,0,1,4.46,0.31
B-BTCUSDT,1520377200000,1520380800000,10659.63,10834.396724213866,-1.00,4,1,0,0,1,1,0.34,1.03
B-BTCUSDT,1522296000000,1522353600000,7751,7296.353788536466,5.25,64,1,0,0,0,1,3.31,0.02
B-BTCUSDT,1523514600000,1523530800000,6903,6980.153482405633,-1.00,18,1,0,0,0,1,2.07,5.16
B-BTCUSDT,1524577500000,1524598200000,9259.99,9431.77794087977,-1.00,23,1,0,0,0,1,0.61,1.14
B-BTCUSDT,1528587900000,1528650000000,7491.73,7102.273836726497,5.25,69,1,0,0,0,1,3.25,0.00
B-BTCUSDT,1534802400000,1534838400000,6330.01,6445.818229479258,-1.00,40,1,0,0,0,1,0.95,1.33
B-BTCUSDT,1536140700000,1536429600000,7092.11,6164.405963705752,5.25,321,1,0,0,0,1,3.05,0.28
B-BTCUSDT,1539141300000,1539197100000,6606.2,6639.6624004524765,-1.00,62,1,0,0,0,1,2.28,1.16
B-BTCUSDT,1539549000000,1539579600000,6367,6410.089753067711,-1.00,34,1,0,0,0,1,1.55,1.51
B-BTCUSDT,1542134700000,1542205800000,6457.34,6326.746658638724,5.25,51,1,0,0,0,1,3.55,0.80
B-BTCUSDT,1542210300000,1542212100000,6232.83,5924.501669722159,5.25,2,1,0,0,1,1,3.14,0.40
B-BTCUSDT,1542589200000,1542615300000,5567.67,5299.411312349706,3.00,29,1,0,0,0,1,3.39,0.53
B-BTCUSDT,1556813700000,1556847000000,5490.55,5541.336144480646,-1.00,37,1,0,0,1,1,0.29,1.44
B-BTCUSDT,1559520000000,1559527200000,8672.22,8756.12742284843,-1.00,8,1,0,0,0,1,0.65,1.53
B-BTCUSDT,1565745300000,1565802000000,10680,10245.939801256176,5.25,63,1,0,0,1,1,4.01,0.22
B-BTCUSDT,1571960700000,1571983200000,7412.41,7459.687538071231,-1.00,25,1,0,0,0,1,1.09,1.11
B-BTCUSDT,1574324100000,1574334000000,8049.97,7868.880658295318,5.25,11,1,0,0,0,1,3.23,0.23
B-BTCUSDT,1574348400000,1574645400000,7581.83,6735.3948633273485,5.25,330,1,0,0,0,1,3.43,0.60
B-BTCUSDT,1576586700000,1576590300000,6877.59,6751.2939443419555,5.25,4,1,0,0,0,1,3.74,0.24
B-BTCUSDT,1577971800000,1577984400000,7122.67,7009.150426773735,5.25,14,1,0,0,0,1,4.84,0.91
B-BTCUSDT,1583946000000,1583952300000,7672.68,7792.552501615901,-1.00,7,1,0,0,0,1,0.69,1.18
B-BTCUSDT,1583976600000,1583995500000,7788.93,7455.474294391558,5.25,21,1,0,0,0,1,3.11,0.10
B-BTCUSDT,1584008100000,1584009000000,7214.64,6637.402332366236,3.00,1,1,0,0,0,1,4.70,0.00
B-BTCUSDT,1588085100000,1588100400000,7683.41,7745.876536825797,-1.00,17,1,0,0,1,1,0.29,1.00
B-BTCUSDT,1592145000000,1592149500000,9339.53,9410.826030445696,-1.00,5,1,0,0,0,1,0.27,1.39
B-BTCUSDT,1606723200000,1606737600000,18451.43,18675.183885664315,-1.00,16,1,0,0,0,1,0.56,1.29
B-BTCUSDT,1608066900000,1608112800000,19391.55,19527.638419578092,-1.00,51,1,0,0,1,1,0.85,1.94
B-BTCUSDT,1610277300000,1610309700000,39309.2,35549.99497604671,3.00,36,1,0,0,0,1,3.35,0.65
B-BTCUSDT,1613995200000,1614003300000,53612.28,48547.59961010376,3.00,9,1,0,0,0,1,3.55,0.27
B-BTCUSDT,1624182300000,1624190400000,34986.43,33560.315576884335,3.00,9,1,0,0,0,1,3.30,0.05
B-BTCUSDT,1632049200000,1632091500000,47898.09,46960.44211771668,5.25,47,1,0,0,0,1,3.42,0.15
B-BTCUSDT,1632105000000,1632182400000,45977.78,42031.48431830299,5.25,86,1,0,0,0,1,3.09,0.11
B-BTCUSDT,1641321000000,1641374100000,45990.21,46749.42565589911,-1.00,59,1,0,0,0,1,0.65,1.14
B-BTCUSDT,1642714200000,1642734900000,41760.61,38842.843832556326,4.50,23,1,0,0,0,1,3.06,0.01
B-BTCUSDT,1645638300000,1645670700000,38084.48,36139.780733855434,5.25,36,1,0,0,0,1,3.49,0.04
B-BTCUSDT,1647306000000,1647370800000,39167.01,39645.155152531115,-1.00,72,1,0,0,0,1,2.24,1.10
B-BTCUSDT,1649627100000,1649671200000,42706,41241.73835791957,3.00,49,1,0,0,0,1,3.05,0.07
B-BTCUSDT,1650213900000,1650255300000,40200.01,39364.058448907184,5.25,46,1,0,0,0,1,5.48,0.93
B-BTCUSDT,1652062500000,1652113800000,33564.36,31909.39646105258,3.00,57,1,0,0,0,1,3.15,0.50
B-BTCUSDT,1654560000000,1654560900000,31237.25,30663.143357465757,5.25,1,1,0,0,0,1,3.16,0.26
B-BTCUSDT,1654988400000,1655001000000,28467.04,27723.481656738586,5.25,14,1,0,0,1,1,4.34,0.31
B-BTCUSDT,1663494300000,1663553700000,19833.34,19189.611265904077,5.25,66,1,0,0,0,1,4.99,0.98
B-BTCUSDT,1667775600000,1667859300000,20968.18,20391.960684749156,5.25,93,1,0,0,0,1,3.04,0.53
B-BTCUSDT,1667875500000,1667880000000,20444.52,19712.610754548437,3.00,5,1,0,0,0,1,3.43,0.37
B-BTCUSDT,1668933000000,1668988800000,16583.14,16127.759921554221,3.00,62,1,0,0,0,1,3.03,0.66
B-BTCUSDT,1678130100000,1678158000000,22404.37,22523.065262788354,-1.00,31,1,0,0,0,1,0.71,1.29
B-BTCUSDT,1680452100000,1680456600000,27991.17,28165.525505566016,-1.00,5,1,0,0,0,1,0.37,1.34
B-BTCUSDT,1680463800000,1680478200000,27948.85,28159.47560159574,-1.00,16,1,0,0,0,1,0.43,1.08
B-BTCUSDT,1687200300000,1687220100000,26496,26953.434350070278,-1.00,22,1,0,0,0,1,0.28,1.04
B-BTCUSDT,1691895600000,1691955900000,29406.78,29462.191695,-1.00,67,1,0,0,0,1,1.42,1.22
B-BTCUSDT,1691962200000,1691978400000,29372.42,29190.932804288335,3.00,18,1,0,0,0,1,3.40,0.07
B-BTCUSDT,1692188100000,1692189000000,29096.95,29178.511275836576,-1.00,1,1,0,0,0,1,0.61,1.03
B-BTCUSDT,1692201600000,1692207000000,29023.9,29164.11018767218,-1.00,6,1,0,0,0,1,0.48,1.01
B-BTCUSDT,1692216900000,1692232200000,28981.99,28451.46581719662,5.25,17,1,0,0,0,1,3.29,0.33
B-BTCUSDT,1693158300000,1693162800000,26065.08,26147.213020236268,-1.00,5,1,0,0,0,1,0.34,1.21
B-BTCUSDT,1693250100000,1693264500000,25975.27,26165.20280762206,-1.00,16,1,0,0,0,1,0.15,1.07
B-BTCUSDT,1694391300000,1694411100000,25797.81,25883.754506611458,-1.00,22,1,0,0,0,1,1.69,1.12
B-BTCUSDT,1694423700000,1694442600000,25672.83,25167.88439812242,3.00,21,1,0,0,0,1,3.22,0.49
B-BTCUSDT,1694982600000,1694994300000,26463.92,26520.049766751265,-1.00,13,1,0,0,0,1,1.16,1.25
B-BTCUSDT,1695824100000,1695910500000,26338.99,26647.4676369698,-1.00,96,1,0,0,0,1,0.74,1.10
B-BTCUSDT,1696170600000,1696198500000,27112.47,27238.290174868707,-1.00,31,1,0,0,0,1,0.63,7.05
B-BTCUSDT,1698037200000,1698038100000,30727.01,30732.8546876532,-1.00,1,1,0,1,1,0,4.35,34.03
B-BTCUSDT,1698047100000,1698061500000,30518.02,30784.197080767117,-1.00,16,1,0,0,0,1,0.61,1.00
B-BTCUSDT,1699885800000,1699892100000,36675,36946.35285950614,-1.00,7,1,0,0,1,1,0.52,1.31
B-BTCUSDT,1700391600000,1700409600000,36465.99,36574.60735297493,-1.00,20,1,0,0,0,1,0.75,1.60
B-BTCUSDT,1701000000000,1701000900000,37639.63,37392.45154745129,3.00,1,1,0,0,0,1,3.45,0.00
B-BTCUSDT,1701008100000,1701031500000,37374.21,37537.738741904795,-1.00,26,1,0,0,0,1,1.37,1.69
B-BTCUSDT,1701616500000,1701617400000,39582.35,39629.955884944524,-1.00,1,1,0,1,1,0,0.00,3.26
B-BTCUSDT,1704645900000,1704655800000,43922,44224.24060789408,-1.00,11,1,0,1,0,1,0.73,1.04
B-BTCUSDT,1708938900000,1708952400000,51054.01,51367.27702046564,-1.00,15,1,0,0,0,1,0.49,1.06
B-BTCUSDT,1711950300000,1712056500000,69167.48,65328.746274385325,5.25,118,1,0,0,0,1,3.13,0.71
B-BTCUSDT,1716757200000,1716770700000,68568.79,68768.53161079167,-1.00,15,1,0,0,1,1,2.21,1.27
B-BTCUSDT,1717977600000,1717983000000,69535.84,69678.78293675029,-1.00,6,1,0,0,0,1,0.77,1.03
B-BTCUSDT,1718119800000,1718130600000,66125.68,67123.45685511026,-1.00,12,1,0,0,0,1,0.00,1.11
B-BTCUSDT,1719136800000,1719157500000,64342,64054.21358094815,5.25,23,1,0,0,0,1,3.05,0.91
B-BTCUSDT,1719161100000,1719162900000,63927.49,64173.96936573426,-1.00,2,1,0,0,0,1,0.00,1.02
B-BTCUSDT,1719173700000,1719185400000,64017.99,63454.51490817344,3.00,13,1,0,0,0,1,4.09,0.00
B-BTCUSDT,1720054800000,1720057500000,60121.87,58944.94950728577,5.25,3,1,0,0,0,1,4.28,0.43
B-BTCUSDT,1722780000000,1722789000000,60495.5,58840.757674050525,4.50,10,1,0,0,0,1,3.03,0.15
B-BTCUSDT,1723374000000,1723406400000,60723.99,59317.526912540154,5.25,36,1,0,0,1,1,4.20,0.11
B-BTCUSDT,1724706900000,1724772600000,62987.01,61549.236558256925,5.25,73,1,0,0,0,1,3.16,0.61
B-BTCUSDT,1726969500000,1727013600000,63046,62505.31523124776,4.50,49,1,0,0,1,1,3.42,0.90
B-BTCUSDT,1731171600000,1731174300000,75861.32,76192.97996959348,-1.00,3,1,0,0,1,1,0.44,1.14
B-BTCUSDT,1735500600000,1735522200000,93459.79,93960.95565208254,-1.00,24,1,0,0,1,1,0.90,1.63
B-BTCUSDT,1736708400000,1736719200000,94839.03,93969.4976306603,3.00,12,1,0,0,0,1,3.19,0.11
B-BTCUSDT,1737321300000,1737355500000,104389.99,106563.5408393165,-1.00,38,1,0,0,0,1,2.23,2.39
B-BTCUSDT,1737932400000,1737960300000,103349.66,98857.90330927366,4.50,31,1,0,0,0,1,3.09,0.01
B-BTCUSDT,1741513500000,1741521600000,85564,84324.95569030613,5.25,9,1,0,0,0,1,3.20,0.14
B-BTCUSDT,1741527900000,1741616100000,83489.95,79931.7707520943,3.00,98,1,0,0,0,1,3.51,0.53
B-BTCUSDT,1742751000000,1742768100000,84951.38,85472.0674741582,-1.00,19,1,0,1,1,1,0.29,1.40
B-BTCUSDT,1750531500000,1750601700000,102645.22,100102.50440561592,4.50,78,1,0,0,0,1,3.83,0.89
B-BTCUSDT,1751207400000,1751237100000,107860.01,108249.54818581659,-1.00,33,1,0,0,0,1,1.57,1.07
B-BTCUSDT,1753048800000,1753065900000,116918.3,118122.6103074675,-1.00,19,1,0,0,1,1,0.37,1.05
B-BTCUSDT,1755476100000,1755484200000,117142.44,115698.48636536201,3.00,9,1,0,0,0,1,3.04,0.56
B-BTCUSDT,1758501000000,1758520800000,114846.87,113188.55124208132,5.25,22,1,0,0,0,1,5.51,0.07
B-BTCUSDT,1762130700000,1762142400000,109757.11,107645.17328457673,3.00,13,1,0,0,0,1,3.19,0.22
B-BTCUSDT,1765711800000,1765764900000,88877.66,89845.52119683383,-1.00,59,1,0,0,0,1,1.34,1.21
B-BTCUSDT,1767294000000,1767295800000,88110.78,88251.64530633076,-1.00,2,1,0,0,0,1,0.00,1.60
B-BTCUSDT,1768112100000,1768133700000,90666.52,90819.49663000001,-1.00,24,1,0,0,0,1,0.37,1.34
B-BTCUSDT,1768687200000,1768745700000,95188,95332.61700000001,-1.00,65,1,0,0,0,1,2.16,1.30
B-BTCUSDT,1769310900000,1769329800000,89035.32,88510.57746480631,5.25,21,1,0,0,1,1,4.90,0.31
B-BTCUSDT,1769355900000,1769365800000,88446.5,87298.48288634924,3.00,11,1,0,0,0,1,4.23,0.01
B-ETHUSDT,1520356500000,1520415900000,816.68,776.8076981630556,4.50,66,1,0,0,0,1,3.14,0.81
B-ETHUSDT,1521293400000,1521315900000,581.02,551.5088109259815,4.50,25,1,0,0,1,1,3.43,0.59
B-ETHUSDT,1521332100000,1521380700000,533.02,480.59732946690144,3.00,54,1,0,0,0,1,3.21,0.29
B-ETHUSDT,1522296000000,1522355400000,430.33,392.2852679399716,3.00,66,1,0,0,0,1,3.27,0.05
B-ETHUSDT,1528587900000,1528602300000,592.87,569.8505697269559,5.25,16,1,0,0,0,1,3.39,0.00
B-ETHUSDT,1528615800000,1528652700000,562.11,532.9291445486679,5.25,41,1,0,0,0,1,3.39,0.93
B-ETHUSDT,1533671100000,1533726900000,394.56,361.0892367758569,4.50,62,1,0,0,0,1,3.03,0.05
B-ETHUSDT,1536085800000,1536140700000,285.6,272.23726740737305,5.25,61,1,0,0,0,1,4.45,0.45
B-ETHUSDT,1539134100000,1539147600000,227.37,224.44847835645558,3.00,15,1,0,0,0,1,3.22,0.42
B-ETHUSDT,1542134700000,1542205800000,209.84,201.24422746117773,5.25,51,1,0,0,0,1,3.26,0.44
B-ETHUSDT,1542589200000,1542614400000,173.73,160.09073874067366,3.00,28,1,0,0,0,1,3.90,0.25
B-ETHUSDT,1544064300000,1544072400000,101.38,96.22891534648073,3.00,9,1,0,0,0,1,3.15,0.71
B-ETHUSDT,1544996700000,1545032700000,84.79,86.03200255222183,-1.00,40,1,0,0,0,1,0.45,1.43
B-ETHUSDT,1548582300000,1548599400000,114.37,112.27655409073176,5.25,19,1,0,0,0,1,4.77,0.32
B-ETHUSDT,1554582600000,1554667200000,167.78,171.52465120128403,-1.00,94,1,0,0,0,1,1.54,1.44
B-ETHUSDT,1561019400000,1561031100000,266.57,267.9655939211841,-1.00,13,1,0,0,0,1,0.62,1.11
B-ETHUSDT,1561464900000,1561499100000,310.14,314.34924024652423,-1.00,38,1,0,0,0,1,0.75,1.11
B-ETHUSDT,1569276000000,1569334500000,200.23,191.58022601595025,4.50,65,1,0,0,0,1,3.11,0.95
B-ETHUSDT,1574324100000,1574334000000,173.82,169.7007417357255,5.25,11,1,0,0,1,1,5.03,0.36
B-ETHUSDT,1574345700000,1574347500000,167.88,164.12561241570782,5.25,2,1,0,0,1,1,3.01,0.03
B-ETHUSDT,1576520100000,1576674000000,135.23,116.54415128592922,5.25,171,1,0,0,0,1,3.05,0.02
B-ETHUSDT,1583603100000,1583670600000,238.99,225.41776087011368,4.50,75,1,0,0,0,1,3.09,0.36
B-ETHUSDT,1583946000000,1583960400000,187.84,193.4815545626249,-1.00,16,1,0,0,0,1,1.08,1.05
B-ETHUSDT,1583993700000,1584009000000,175.42,151.33622846273244,4.50,17,1,0,0,0,1,3.98,0.01
B-ETHUSDT,1586106000000,1586108700000,141.55,143.12548337242066,-1.00,3,1,0,1,0,1,0.55,1.38
B-ETHUSDT,1586947500000,1586995200000,157.55,151.0432130897942,5.25,53,1,0,0,0,1,3.37,0.35
B-ETHUSDT,1592112600000,1592170200000,236.4,232.58456163454545,5.25,64,1,0,0,1,1,3.47,0.47
B-ETHUSDT,1596276900000,1596298500000,353.75,360.5313717393109,-1.00,24,1,0,0,0,1,0.14,1.31
B-ETHUSDT,1600617600000,1600623000000,367.51,372.72878409175576,-1.00,6,1,0,0,0,1,0.48,1.13
B-ETHUSDT,1606723200000,1606734900000,575.3,587.9085095182973,-1.00,13,1,0,0,1,1,0.41,1.30
B-ETHUSDT,1609580700000,1609589700000,725.41,734.4529408077518,-1.00,10,1,0,0,0,1,0.27,1.95
B-ETHUSDT,1610247600000,1610264700000,1320.35,1341.721382416354,-1.00,19,1,0,0,0,1,0.74,1.19
B-ETHUSDT,1610277300000,1610334000000,1280.24,1144.489901017044,5.25,63,1,0,0,0,1,3.07,0.99
B-ETHUSDT,1614002400000,1614025800000,1652.31,1779.7671670086959,-1.00,26,1,0,0,0,1,0.79,1.02
B-ETHUSDT,1624183200000,1624217400000,2130.82,2188.521523173168,-1.00,38,1,0,0,0,1,1.56,1.90
B-ETHUSDT,1632049200000,1632096900000,3384.71,3275.3340930837176,5.25,53,1,0,0,0,1,3.31,0.22
B-ETHUSDT,1642714200000,1642729500000,3126.51,2906.1374542320914,5.25,17,1,0,0,0,1,3.17,0.00
B-ETHUSDT,1650213900000,1650233700000,3058.7,3077.062029354774,-1.00,22,1,0,0,0,1,1.95,1.02
B-ETHUSDT,1652017500000,1652034600000,2524,2554.49712691844,-1.00,19,1,0,0,0,1,1.31,1.57
B-ETHUSDT,1654864200000,1654937100000,1739.03,1599.645143399193,5.25,81,1,0,0,0,1,3.53,0.23
B-ETHUSDT,1666522800000,1666533600000,1304.49,1310.5060495817138,-1.00,12,1,0,0,0,1,0.84,1.22
B-ETHUSDT,1666620900000,1666638000000,1329.58,1349.7750562586489,-1.00,19,1,0,0,0,1,0.18,1.05
B-ETHUSDT,1667775600000,1667849400000,1573.24,1607.24704430635,-1.00,82,1,0,0,0,1,0.79,1.02
B-ETHUSDT,1667856600000,1667880000000,1577.42,1502.4689377385594,5.25,26,1,0,0,0,1,4.78,0.16
B-ETHUSDT,1668933000000,1668945600000,1206.19,1158.7984066665701,5.25,14,1,0,0,0,1,3.37,0.31
B-ETHUSDT,1670847300000,1670877900000,1249.08,1257.0931858093106,-1.00,34,1,0,0,0,1,0.69,2.25
B-ETHUSDT,1672757100000,1672794000000,1210.33,1219.7143220295964,-1.00,41,1,0,0,0,1,0.58,1.14
B-ETHUSDT,1673136900000,1673137800000,1263.41,1258.862442500001,3.00,1,1,0,1,1,0,3.72,0.08
B-ETHUSDT,1673170200000,1673189100000,1262.58,1266.1150089619398,-1.00,21,1,0,0,0,1,0.37,1.06
B-ETHUSDT,1673197200000,1673208000000,1266.74,1268.1894302876083,-1.00,12,1,0,1,1,0,2.37,1.86
B-ETHUSDT,1673451000000,1673460000000,1324.63,1335.5627140643805,-1.00,10,1,0,0,0,1,0.31,1.86
B-ETHUSDT,1674596700000,1674598500000,1599.01,1543.5603886555432,5.25,2,1,0,0,1,1,3.46,0.15
B-ETHUSDT,1676283300000,1676290500000,1474.8,1489.9362751952626,-1.00,8,1,0,1,1,0,0.03,1.13
B-ETHUSDT,1680447600000,1680509700000,1796.57,1817.465070601446,-1.00,69,1,0,0,0,1,1.62,1.00
B-ETHUSDT,1685979900000,1686069900000,1820.6,1858.4928765998498,-1.00,100,1,0,0,0,1,1.12,1.30
B-ETHUSDT,1686325500000,1686370500000,1841.71,1817.734777266038,5.25,50,1,0,0,0,1,6.80,0.41
B-ETHUSDT,1688553000000,1688625900000,1911.18,1926.9210752885165,-1.00,81,1,0,0,0,1,1.06,1.01
B-ETHUSDT,1689189300000,1689261300000,1877.25,1888.3302594707786,-1.00,80,1,0,0,0,1,1.32,2.10
B-ETHUSDT,1691358300000,1691370900000,1830.2,1835.9925883311885,-1.00,14,1,0,0,0,1,0.65,2.38
B-ETHUSDT,1692126000000,1692286200000,1820,1753.6145806641468,5.25,178,1,0,0,0,1,4.25,0.54
B-ETHUSDT,1694304900000,1694320200000,1631.91,1619.194446121435,5.25,17,1,0,0,0,1,3.23,0.13
B-ETHUSDT,1694356200000,1694364300000,1622.39,1605.9423438916378,3.00,9,1,0,0,0,1,4.08,0.28
B-ETHUSDT,1694392200000,1694440800000,1608.47,1575.1294756341924,3.00,54,1,0,0,0,1,3.76,0.85
B-ETHUSDT,1694966400000,1694973600000,1627.76,1618.4920526746516,3.00,8,1,0,0,1,1,3.24,0.00
B-ETHUSDT,1696170600000,1696198500000,1681.76,1691.80911402118,-1.00,31,1,0,0,0,1,1.37,6.89
B-ETHUSDT,1697409900000,1697419800000,1555.18,1565.1720508875742,-1.00,11,1,0,0,0,1,0.20,1.02
B-ETHUSDT,1698047100000,1698079500000,1676.15,1688.9300763188085,-1.00,36,1,0,1,1,1,1.08,1.36
B-ETHUSDT,1704640500000,1704681900000,2233.83,2180.9829634496964,3.00,46,1,0,0,0,1,3.54,0.99
B-ETHUSDT,1707683400000,1707696900000,2502.81,2515.8401495630496,-1.00,15,1,0,0,0,1,0.72,1.70
B-ETHUSDT,1711931400000,1711950300000,3621.09,3556.968307726974,5.25,21,1,0,0,0,1,5.67,0.28
B-ETHUSDT,1712942100000,1713038400000,3320.74,2983.0807760064126,5.25,107,1,0,0,0,1,4.16,0.25
B-ETHUSDT,1716184800000,1716220800000,3108.39,3130.5616476741275,-1.00,40,1,0,0,1,1,1.96,1.22
B-ETHUSDT,1717691400000,1717782300000,3827.39,3743.7356924706773,5.25,101,1,0,0,0,1,3.71,0.50
B-ETHUSDT,1718005500000,1718012700000,3647.79,3674.2508716752745,-1.00,8,1,0,0,0,1,0.03,1.00
B-ETHUSDT,1719161100000,1719197100000,3463.32,3403.4722546549942,3.00,40,1,0,0,1,1,3.82,0.92
B-ETHUSDT,1719973800000,1720001700000,3372.84,3307.9561911025626,5.25,31,1,0,0,0,1,3.27,0.50
B-ETHUSDT,1720054800000,1720058400000,3280.46,3170.9236180707344,4.50,4,1,0,0,0,1,3.44,0.38
B-ETHUSDT,1720336500000,1720396800000,3006.81,2922.0443275749553,5.25,67,1,0,0,0,1,3.06,0.90
B-ETHUSDT,1722780000000,1722790800000,2891.4,2790.4078069645975,5.25,12,1,0,0,0,1,5.20,0.15
B-ETHUSDT,1730769300000,1730771100000,2384.6,2406.45365856766,-1.00,2,1,0,0,0,1,0.18,1.33
B-ETHUSDT,1732451400000,1732486500000,3294.72,3356.6861219811967,-1.00,39,1,0,0,0,1,0.17,1.11
B-ETHUSDT,1734551100000,1734630300000,3770.29,3471.709429483687,5.25,88,1,0,0,1,1,3.77,0.16
B-ETHUSDT,1736670600000,1736690400000,3252.41,3273.3538266112787,-1.00,22,1,0,0,0,1,1.33,1.28
B-ETHUSDT,1737925200000,1737935100000,3313.78,3232.9433339624675,3.00,11,1,0,0,0,1,3.11,0.22
B-ETHUSDT,1741527900000,1741598100000,2104.48,2147.575560119457,-1.00,78,1,0,0,0,1,2.66,1.11
B-ETHUSDT,1747519200000,1747543500000,2469.39,2488.841896078175,-1.00,27,1,0,0,0,1,0.83,1.02
B-ETHUSDT,1750015800000,1750038300000,2533.65,2556.371091464661,-1.00,25,1,0,0,0,1,1.83,1.13
B-ETHUSDT,1751207400000,1751235300000,2438.8,2453.1557052602197,-1.00,31,1,0,0,0,1,1.87,2.88
B-ETHUSDT,1762075800000,1762126200000,3876.99,3906.762579968343,-1.00,56,1,0,0,0,1,1.27,1.00
B-ETHUSDT,1762182900000,1762281000000,3636.79,3309.2320108276313,3.00,109,1,0,0,0,1,3.49,0.42
B-ETHUSDT,1765722600000,1765728900000,3077.42,3102.508447271406,-1.00,7,1,0,0,0,1,0.28,1.21
B-ETHUSDT,1766914200000,1766919600000,2935.16,2945.5400257379933,-1.00,6,1,0,0,0,1,0.14,1.11
B-ETHUSDT,1767540600000,1767546000000,3131.21,3140.859286839495,-1.00,6,1,0,0,0,1,1.29,1.28
B-ETHUSDT,1768687200000,1768695300000,3309.78,3314.335638014605,-1.00,9,1,0,0,0,1,2.71,1.02
B-ETHUSDT,1769320800000,1769357700000,2936.85,2899.3505995218275,5.25,41,1,0,0,0,1,4.84,0.90
B-XRPUSDT,1525971600000,1525995900000,0.789,0.7472290116618469,5.25,27,1,0,0,0,1,3.46,0.84
B-XRPUSDT,1527028200000,1527089400000,0.64198,0.598573030239982,4.50,68,1,0,0,0,1,3.35,0.36
B-XRPUSDT,1533595500000,1533600900000,0.40501,0.41554556059566433,-1.00,6,1,0,0,0,1,0.00,1.01
B-XRPUSDT,1533675600000,1533738600000,0.37706,0.33299462481539305,3.00,70,1,0,0,0,1,3.07,0.61
B-XRPUSDT,1539141300000,1539219600000,0.47208,0.4520639841056365,4.50,87,1,0,0,0,1,4.64,0.57
B-XRPUSDT,1539237600000,1539323100000,0.4045,0.42199247185598665,-1.00,95,1,0,0,0,1,1.58,1.34
B-XRPUSDT,1542134700000,1542188700000,0.52265,0.5024689579790088,5.25,32,1,0,0,0,1,3.22,0.50
B-XRPUSDT,1543087800000,1543094100000,0.40411,0.38716135442819016,3.00,7,1,0,0,0,1,4.20,0.16
B-XRPUSDT,1550428200000,1550442600000,0.29884,0.3023211222649,-1.00,16,1,0,0,1,1,0.07,1.23
B-XRPUSDT,1551016800000,1551119400000,0.30907,0.33458433971728657,-1.00,114,1,0,0,0,1,0.60,1.20
B-XRPUSDT,1554102900000,1554120900000,0.31184,0.31339576864424057,-1.00,20,1,0,1,1,0,0.64,1.26
B-XRPUSDT,1554129900000,1554146100000,0.31123,0.312833830523241,-1.00,18,1,0,0,0,1,0.36,1.08
B-XRPUSDT,1556540100000,1556616600000,0.29301,0.296617570180305,-1.00,85,1,0,0,0,1,0.95,1.82
B-XRPUSDT,1561482000000,1561483800000,0.45877,0.4627798217740279,-1.00,2,1,0,0,0,1,0.13,3.49
B-XRPUSDT,1568635200000,1568666700000,0.2585,0.26106977874130866,-1.00,35,1,0,0,0,1,0.72,1.05
B-XRPUSDT,1569759300000,1569772800000,0.23617,0.2377034003531882,-1.00,15,1,0,0,0,1,1.24,1.05
B-XRPUSDT,1570344300000,1570374900000,0.25148,0.2542496320330458,-1.00,34,1,0,0,0,1,0.31,1.09
B-XRPUSDT,1574553600000,1574606700000,0.23242,0.225792766303964,5.25,59,1,0,0,0,1,3.61,0.21
B-XRPUSDT,1576454400000,1576467000000,0.21681,0.21407505474246696,5.25,14,1,0,0,0,1,3.98,0.29
B-XRPUSDT,1576486800000,1576504800000,0.21288,0.21399395190326806,-1.00,20,1,0,0,0,1,2.06,1.18
B-XRPUSDT,1576520100000,1576521000000,0.21081,0.20207241168891693,3.00,1,1,0,0,0,1,3.02,0.02
B-XRPUSDT,1583625600000,1583678700000,0.23398,0.22551377716114482,4.50,59,1,0,0,0,1,3.26,0.00
B-XRPUSDT,1583946000000,1583959500000,0.20333,0.20686643938855678,-1.00,15,1,0,0,0,1,1.22,1.14
B-XRPUSDT,1583985600000,1584009900000,0.19087,0.1600758284635577,5.25,27,1,0,0,0,1,4.77,0.56
B-XRPUSDT,1588085100000,1588089600000,0.20511,0.20840641688913278,-1.00,5,1,0,0,1,1,0.11,1.03
B-XRPUSDT,1595427300000,1595429100000,0.19746,0.19824090205420283,-1.00,2,1,0,0,0,1,0.27,1.93
B-XRPUSDT,1596286800000,1596297600000,0.26596,0.27175939491474965,-1.00,12,1,0,0,0,1,0.81,1.21
B-XRPUSDT,1601805600000,1601815500000,0.2323,0.23427371597141292,-1.00,11,1,0,0,1,1,0.18,2.89
B-XRPUSDT,1604304900000,1604372400000,0.23892,0.23031651772295664,3.00,75,1,0,0,0,1,3.11,0.19
B-XRPUSDT,1605848400000,1605872700000,0.29841,0.30418885225496856,-1.00,27,1,0,0,0,1,0.28,1.05
B-XRPUSDT,1607416200000,1607457600000,0.59532,0.5745891522569783,5.25,46,1,0,0,0,1,4.39,0.53
B-XRPUSDT,1608076800000,1608126300000,0.46088,0.47149665210093855,-1.00,55,1,0,0,1,1,2.23,3.68
B-XRPUSDT,1608614100000,1608635700000,0.46237,0.4894140146918441,-1.00,24,1,0,0,0,1,0.43,1.03
B-XRPUSDT,1609180200000,1609197300000,0.28029,0.2375650820208503,5.25,19,1,0,0,0,1,3.24,0.53
B-XRPUSDT,1612863000000,1612915200000,0.45352,0.47790912870485946,-1.00,58,1,0,0,0,1,0.14,1.05
B-XRPUSDT,1623074400000,1623098700000,0.9516,0.9112016903795565,5.25,27,1,0,0,0,1,6.58,0.01
B-XRPUSDT,1627394400000,1627455600000,0.6341,0.6524302906306889,-1.00,68,1,0,0,0,1,0.56,1.40
B-XRPUSDT,1632051900000,1632083400000,1.0589,1.0729977850800336,-1.00,35,1,0,0,0,1,0.22,1.37
B-XRPUSDT,1632096000000,1632096900000,1.0397,1.0019647394026663,3.00,1,1,0,0,0,1,3.16,0.25
B-XRPUSDT,1633725900000,1633755600000,1.0584,1.0764508711463134,-1.00,33,1,0,0,0,1,0.13,1.02
B-XRPUSDT,1635256800000,1635273000000,1.0996,1.1146397848819671,-1.00,18,1,0,0,0,1,0.43,1.21
B-XRPUSDT,1638959400000,1638972900000,0.8113,0.8344692317198967,-1.00,15,1,0,0,0,1,0.38,1.54
B-XRPUSDT,1642728600000,1642796100000,0.7098,0.6553663279339559,3.00,75,1,0,0,1,1,3.03,0.53
B-XRPUSDT,1649627100000,1649645100000,0.7612,0.7358495362736568,3.00,20,1,0,0,0,1,3.49,0.11
B-XRPUSDT,1650798900000,1650845700000,0.705,0.691346318857063,5.25,52,1,0,0,0,1,7.73,0.62
B-XRPUSDT,1667845800000,1667859300000,0.4726,0.4603089803168883,5.25,15,1,0,0,0,1,3.44,0.93
B-XRPUSDT,1667875500000,1667930400000,0.4535,0.41637182305048165,3.00,61,1,0,0,0,1,3.52,0.27
B-XRPUSDT,1671994800000,1672005600000,0.345,0.34671129863646133,-1.00,12,1,0,0,0,1,0.47,1.17
B-XRPUSDT,1672524900000,1672539300000,0.3414,0.33691081643140136,4.50,16,1,0,0,0,1,3.01,0.13
B-XRPUSDT,1690746300000,1690832700000,0.7034,0.7167684923253598,-1.00,96,1,0,0,0,1,1.56,1.28
B-XRPUSDT,1692122400000,1692126000000,0.622,0.6096266595401758,5.25,4,1,0,0,0,1,10.18,0.32
B-XRPUSDT,1692216900000,1692307800000,0.5841,0.5414162624705955,5.25,101,1,0,0,0,1,11.18,0.75
B-XRPUSDT,1696170600000,1696198500000,0.5187,0.5216663959322253,-1.00,31,1,0,0,0,1,1.31,2.26
B-XRPUSDT,1696779000000,1696835700000,0.5188,0.5127977903696956,5.25,63,1,0,0,0,1,3.85,0.65
B-XRPUSDT,1697679000000,1697732100000,0.4816,0.48847236550731227,-1.00,59,1,0,0,0,1,0.68,1.11
B-XRPUSDT,1698685200000,1698692400000,0.5732,0.5802883272736818,-1.00,8,1,0,0,0,1,0.61,1.37
B-XRPUSDT,1699186500000,1699203600000,0.6439,0.6498741055681705,-1.00,19,1,0,1,1,0,2.56,1.77
B-XRPUSDT,1703399400000,1703401200000,0.6136,0.6153116842114401,-1.00,2,1,0,1,1,0,0.58,1.29
B-XRPUSDT,1704195000000,1704257100000,0.6306,0.6370413461966224,-1.00,69,1,0,0,0,1,1.44,1.34
B-XRPUSDT,1705595400000,1705607100000,0.5577,0.543349778766988,3.00,13,1,0,0,0,1,3.07,0.23
B-XRPUSDT,1708938900000,1708960500000,0.5351,0.5394413380985484,-1.00,24,1,0,0,0,1,1.45,1.20
B-XRPUSDT,1710073800000,1710117900000,0.6135,0.5901656588127274,4.50,49,1,0,0,0,1,3.92,0.37
B-XRPUSDT,1711950300000,1712664000000,0.6067,0.6279325392762235,-1.00,793,1,0,0,0,1,2.09,1.71
B-XRPUSDT,1712942100000,1713037500000,0.5726,0.500032894448137,5.25,106,1,0,0,0,1,4.14,0.33
B-XRPUSDT,1715498100000,1715544000000,0.505,0.4991842611748265,3.00,51,1,0,0,0,1,3.10,0.98
B-XRPUSDT,1716130800000,1716179400000,0.5123,0.5152601608912968,-1.00,54,1,0,0,1,1,2.03,1.59
B-XRPUSDT,1716399000000,1716471900000,0.5306,0.5383485053433054,-1.00,81,1,0,0,1,1,2.49,2.35
B-XRPUSDT,1717696800000,1717736400000,0.5236,0.52610718452509,-1.00,44,1,0,0,0,1,2.87,1.72
B-XRPUSDT,1719139500000,1719174600000,0.4856,0.4757564033475183,3.00,39,1,0,0,0,1,3.47,0.24
B-XRPUSDT,1719935100000,1719957600000,0.4819,0.4858227141481989,-1.00,25,1,0,0,0,1,0.25,1.05
B-XRPUSDT,1719975600000,1719992700000,0.4794,0.48408389506985233,-1.00,19,1,0,0,0,1,0.49,1.20
B-XRPUSDT,1720347300000,1720360800000,0.4354,0.4252639134793466,5.25,15,1,0,0,1,1,3.64,0.30
B-XRPUSDT,1722260700000,1722331800000,0.6049,0.6097547615094068,-1.00,79,1,0,0,0,1,2.64,1.67
B-XRPUSDT,1722780000000,1722817800000,0.5378,0.5054074774941923,5.25,42,1,0,0,0,1,3.32,0.22
B-XRPUSDT,1724001300000,1724052600000,0.5703,0.5750579757677402,-1.00,57,1,0,0,0,1,2.00,1.01
B-XRPUSDT,1725552900000,1725631200000,0.5442,0.531571007512484,5.25,87,1,0,0,0,1,4.13,0.81
B-XRPUSDT,1726057800000,1726059600000,0.5309,0.5349059910055176,-1.00,2,1,0,0,0,1,0.55,1.07
B-XRPUSDT,1726061400000,1726074000000,0.5312,0.5354492648664252,-1.00,14,1,0,1,0,1,1.91,1.34
B-XRPUSDT,1731171600000,1731176100000,0.5456,0.5496764635439333,-1.00,5,1,0,0,1,1,0.49,1.20
B-XRPUSDT,1731302100000,1731339000000,0.5793,0.5918760798878114,-1.00,41,1,0,0,0,1,0.72,1.31
B-XRPUSDT,1735502400000,1735509600000,2.1322,2.083768058756715,4.50,8,1,0,0,0,1,3.49,0.52
B-XRPUSDT,1736938800000,1736947800000,2.7749,2.838017939585313,-1.00,10,1,0,0,0,1,1.02,1.82
B-XRPUSDT,1740325500000,1740329100000,2.522,2.5538596547950836,-1.00,4,1,0,0,0,1,0.05,1.07
B-XRPUSDT,1740366900000,1740433500000,2.5028,2.3802148409598374,5.25,74,1,0,0,0,1,3.57,0.38
B-XRPUSDT,1742304600000,1742308200000,2.2331,2.26285987521543,-1.00,4,1,0,0,0,1,0.27,1.06
B-XRPUSDT,1746969300000,1747009800000,2.3693,2.3904353259419096,-1.00,45,1,0,0,0,1,1.94,1.25
B-XRPUSDT,1750017600000,1750024800000,2.1561,2.166523921165233,-1.00,8,1,0,0,0,1,1.48,1.13
B-XRPUSDT,1750512600000,1750531500000,2.12,2.0784123917922144,5.25,21,1,0,0,0,1,3.05,0.33
B-XRPUSDT,1758446100000,1758507300000,2.9705,2.8984110870175033,5.25,68,1,0,0,0,1,3.07,0.92
B-XRPUSDT,1762136100000,1762182900000,2.465,2.364816919607911,5.25,52,1,0,0,0,1,3.57,0.28
B-XRPUSDT,1765722600000,1765764000000,1.9901,2.0056493277639773,-1.00,46,1,0,0,0,1,2.41,1.13
B-XRPUSDT,1769350500000,1769360400000,1.888,1.836990450973071,5.25,11,1,0,0,0,1,3.02,0.33
B-LTCUSDT,1516014900000,1516019400000,231.04,237.25810369951535,-1.00,5,1,0,0,0,1,0.55,1.04
B-LTCUSDT,1516060800000,1516082400000,226.34,231.8067455481735,-1.00,24,1,0,0,1,1,4.78,2.86
B-LTCUSDT,1520343900000,1520346600000,196.84,201.64364577714394,-1.00,3,1,0,0,0,1,0.00,1.09
B-LTCUSDT,1520356500000,1520440200000,197.98,185.98152415048654,5.25,93,1,0,0,0,1,3.66,0.63
B-LTCUSDT,1522296000000,1522322100000,127.81,117.9411408568775,3.00,29,1,0,0,0,1,3.19,0.05
B-LTCUSDT,1527021900000,1527064200000,129.6,124.10005375754162,5.25,47,1,0,0,0,1,3.05,0.22
B-LTCUSDT,1528587000000,1528589700000,118.25,116.32428834380794,3.00,3,1,0,0,0,1,4.18,0.00
B-LTCUSDT,1528591500000,1528652700000,113.31,104.51290911067092,5.25,68,1,0,0,0,1,3.12,0.57
B-LTCUSDT,1539141300000,1539216000000,57.73,58.649997422694845,-1.00,83,1,0,0,0,1,0.39,1.01
B-LTCUSDT,1542134700000,1542210300000,50.37,47.80846131699448,3.00,56,1,0,0,0,1,3.96,0.83
B-LTCUSDT,1542564000000,1542565800000,42.7,42.86437969069447,-1.00,2,1,0,0,1,1,0.61,4.08
B-LTCUSDT,1542571200000,1542589200000,42.81,41.30194836838263,5.25,20,1,0,0,0,1,3.84,0.36
B-LTCUSDT,1542603600000,1542620700000,40.2,37.56710175295106,5.25,19,1,0,0,0,1,3.70,0.42
B-LTCUSDT,1562767200000,1562770800000,114.93,104.30633513620187,5.25,4,1,0,0,0,1,3.51,0.03
B-LTCUSDT,1568755800000,1568816100000,75.33,77.21161762580039,-1.00,67,1,0,0,0,1,0.87,1.14
B-LTCUSDT,1569271500000,1569350700000,68.61,58.95079024374023,5.25,88,1,0,0,0,1,3.58,0.28
B-LTCUSDT,1571739300000,1571801400000,54.29,52.54138846357327,5.25,69,1,0,0,0,1,3.76,1.00
B-LTCUSDT,1571979600000,1571981400000,49.11,49.37319248547758,-1.00,2,1,0,0,0,1,0.38,1.63
B-LTCUSDT,1574316000000,1574325900000,54.32,51.847845139315794,3.00,11,1,0,0,0,1,3.30,0.25
B-LTCUSDT,1576520100000,1576589400000,41.95,38.94155378065807,5.25,77,1,0,0,0,1,3.17,0.07
B-LTCUSDT,1581516000000,1581526800000,78.58,79.76417480580304,-1.00,12,1,0,0,0,1,0.26,1.06
B-LTCUSDT,1581780600000,1581781500000,80.47,78.21705923525003,5.25,1,1,0,0,0,1,3.29,0.00
B-LTCUSDT,1581784200000,1581820200000,77.05,80.05110792536117,-1.00,40,1,0,0,0,1,0.67,1.07
B-LTCUSDT,1582640100000,1582682400000,73.1,68.17607801477436,3.00,47,1,0,0,1,1,3.78,0.21
B-LTCUSDT,1583625600000,1583680500000,59.36,55.76304420766188,3.00,61,1,0,0,0,1,3.77,0.08
B-LTCUSDT,1583920800000,1583994600000,48.02,44.46155137377786,5.25,82,1,0,0,0,1,3.34,0.78
B-LTCUSDT,1584019800000,1584021600000,30.6,33.5503072515477,-1.00,2,1,0,0,0,1,0.14,1.01
B-LTCUSDT,1586947500000,1586995200000,40.7,38.84780648305803,5.25,53,1,0,0,0,1,3.60,0.60
B-LTCUSDT,1588085100000,1588090500000,44.08,44.610601912926896,-1.00,6,1,0,0,1,1,0.09,1.30
B-LTCUSDT,1595571300000,1595613600000,44.22,44.700775464239236,-1.00,47,1,0,0,0,1,0.60,1.12
B-LTCUSDT,1600604100000,1600683300000,47.39,45.21682067107619,4.50,88,1,0,0,0,1,3.15,0.35
B-LTCUSDT,1601919000000,1601921700000,46.18,45.54961936724556,5.25,3,1,0,0,0,1,3.09,0.10
B-LTCUSDT,1603220400000,1603239300000,46.47,47.06029747327775,-1.00,21,1,0,0,1,1,0.05,1.20
B-LTCUSDT,1605177900000,1605201300000,58.18,59.36497404202484,-1.00,26,1,0,0,0,1,0.32,1.38
B-LTCUSDT,1605477600000,1605480300000,61.22,62.1257622658082,-1.00,3,1,0,0,0,1,0.15,1.16
B-LTCUSDT,1606723200000,1606734900000,77.94,79.71579579071856,-1.00,13,1,0,0,0,1,0.74,1.08
B-LTCUSDT,1612863000000,1612888200000,167.66,172.85529227598127,-1.00,28,1,0,0,1,1,0.66,1.16
B-LTCUSDT,1613995200000,1614069900000,203.7,175.4385087699652,5.25,83,1,0,0,0,1,4.00,0.67
B-LTCUSDT,1630623600000,1630643400000,184.9,187.09462758459733,-1.00,22,1,0,0,0,1,2.32,1.09
B-LTCUSDT,1630926900000,1631002500000,227.3,213.7310076516049,5.25,84,1,0,0,0,1,3.65,0.02
B-LTCUSDT,1631478600000,1631539800000,178.5,186.30598007296376,-1.00,68,1,0,0,0,1,1.00,7.26
B-LTCUSDT,1632051900000,1632105000000,176.7,168.7782338883545,5.25,59,1,0,0,0,1,4.13,0.72
B-LTCUSDT,1636403400000,1636414200000,223.3,229.32918995788773,-1.00,12,1,0,0,0,1,0.03,1.01
B-LTCUSDT,1642714200000,1642729500000,136.1,124.51852746604752,5.25,17,1,0,0,0,1,3.21,0.00
B-LTCUSDT,1663449300000,1663494300000,57.88,56.534588423108765,5.25,50,1,0,0,0,1,3.90,0.38
B-LTCUSDT,1665569700000,1665643500000,52.52,51.45805726367496,5.25,82,1,0,0,0,1,3.28,0.11
B-LTCUSDT,1667859300000,1667931300000,66.99,61.0699203944485,5.25,80,1,0,0,0,1,3.54,0.96
B-LTCUSDT,1687200300000,1687212900000,76.46,77.5469073383577,-1.00,14,1,0,0,0,1,0.24,1.01
B-LTCUSDT,1687270500000,1687277700000,75.93,76.92231883646065,-1.00,8,1,0,0,0,1,0.06,1.15
B-LTCUSDT,1692126000000,1692307800000,78.62,70.07327171100582,5.25,202,1,0,0,0,1,7.94,0.47
B-LTCUSDT,1708361100000,1708366500000,70.75,71.33289882759895,-1.00,6,1,0,0,0,1,0.33,1.03
B-LTCUSDT,1708938900000,1708956000000,69.5,70.20533112309376,-1.00,19,1,0,0,0,1,0.57,1.09
B-LTCUSDT,1710081000000,1710086400000,86.56,88.0843817133676,-1.00,6,1,0,0,0,1,0.05,1.13
B-LTCUSDT,1711401300000,1711429200000,90.09,91.28915157252905,-1.00,31,1,0,0,0,1,0.18,1.03
B-LTCUSDT,1718559900000,1718584200000,78.78,79.18322611952117,-1.00,27,1,0,0,0,1,0.37,1.14
B-LTCUSDT,1718586900000,1718618400000,78.73,77.16305964639905,3.00,35,1,0,0,0,1,3.31,0.13
B-LTCUSDT,1719161100000,1719162900000,74.39,74.88242451667364,-1.00,2,1,0,0,0,1,0.12,1.36
B-LTCUSDT,1719971100000,1720001700000,75.73,74.26760984530752,5.25,34,1,0,0,0,1,3.49,0.10
B-LTCUSDT,1722780000000,1722792600000,64.25,61.570373658189794,3.00,14,1,0,0,0,1,4.41,0.16
B-LTCUSDT,1733020200000,1733024700000,99.83,101.47524452514102,-1.00,5,1,0,0,0,1,0.23,1.14
B-LTCUSDT,1733715000000,1733736600000,129.5,122.62482363411459,4.50,24,1,0,0,0,1,3.04,0.67
B-LTCUSDT,1739112300000,1739113200000,106.43,106.97392127923462,-1.00,1,1,0,1,1,0,0.00,2.72
B-LTCUSDT,1740366900000,1740434400000,124.55,116.19211273696898,5.25,75,1,0,0,0,1,4.39,0.31
B-LTCUSDT,1743945300000,1743963300000,79.32,74.81791580354131,3.00,20,1,0,0,0,1,4.33,0.18
B-LTCUSDT,1749056400000,1749070800000,89.38,87.70033628175673,3.00,16,1,0,0,0,1,3.54,0.11
B-LTCUSDT,1758445200000,1758448800000,114.89,115.4411451931252,-1.00,4,1,0,0,1,1,0.78,2.50
B-LTCUSDT,1758451500000,1758477600000,114.94,115.93182782039752,-1.00,29,1,0,0,0,1,0.34,1.03
B-LTCUSDT,1760028300000,1760031900000,115.86,118.01509467280468,-1.00,4,1,0,0,0,1,0.11,1.05
B-LTCUSDT,1760077800000,1760095800000,126.99,132.12734313875063,-1.00,20,1,0,0,0,1,0.02,1.02
B-LTCUSDT,1765722600000,1765762200000,79.52,80.29226301049714,-1.00,44,1,0,0,0,1,2.02,1.19
B-BCHUSDT,1576520100000,1576521000000,203.86,196.52011311227935,5.25,1,1,0,0,0,1,4.09,0.03
B-BCHUSDT,1577983500000,1578025800000,199.18,202.31653999277177,-1.00,47,1,0,0,0,1,2.32,1.30
B-BCHUSDT,1583625600000,1583677800000,326.49,310.3298145773208,5.25,58,1,0,0,0,1,3.37,0.00
B-BCHUSDT,1583946000000,1583952300000,255.71,262.42125298026787,-1.00,7,1,0,0,1,1,0.85,1.08
B-BCHUSDT,1583993700000,1584009000000,248.8,222.18478492437532,5.25,17,1,0,0,0,1,4.94,0.05
B-BCHUSDT,1586947500000,1586995200000,221.64,212.8050764757563,5.25,53,1,0,0,0,1,3.69,0.59
B-BCHUSDT,1589989500000,1590021000000,237.82,242.9302507183713,-1.00,35,1,0,0,0,1,0.52,1.01
B-BCHUSDT,1595765700000,1595810700000,247.43,250.04531265560664,-1.00,50,1,0,1,0,1,1.30,1.13
B-BCHUSDT,1596276900000,1596298500000,307.42,312.36879242891325,-1.00,24,1,0,0,0,1,0.83,1.07
B-BCHUSDT,1600073100000,1600088400000,222.52,225.43468129863612,-1.00,17,1,0,0,0,1,0.11,1.52
B-BCHUSDT,1600603200000,1600606800000,229.07,224.38701534781072,3.00,4,1,0,0,0,1,4.11,0.01
B-BCHUSDT,1602497700000,1602509400000,238.11,239.93540530821295,-1.00,13,1,0,0,0,1,2.96,1.28
B-BCHUSDT,1603808100000,1603813500000,263.2,266.5018519182324,-1.00,6,1,0,0,0,1,0.02,1.06
B-BCHUSDT,1606137300000,1606142700000,291.57,302.5899407729627,-1.00,6,1,0,0,0,1,0.03,1.28
B-BCHUSDT,1607941800000,1607986800000,269.78,273.90665289723546,-1.00,50,1,0,0,0,1,1.15,1.22
B-BCHUSDT,1608418800000,1608449400000,318.38,322.7887576951316,-1.00,34,1,0,0,0,1,1.89,1.73
B-BCHUSDT,1612863000000,1612887300000,482.03,499.20836379061063,-1.00,27,1,0,0,1,1,0.54,1.56
B-BCHUSDT,1620086400000,1620122400000,998.88,1022.9025418794722,-1.00,40,1,0,0,0,1,2.69,1.11
B-BCHUSDT,1620138600000,1620174600000,984.83,1022.7620947141857,-1.00,40,1,0,0,0,1,1.43,1.15
B-BCHUSDT,1630926900000,1631003400000,784,735.3390611988068,3.00,85,1,0,0,0,1,3.01,0.80
B-BCHUSDT,1632051900000,1632106800000,611.5,574.2812869506727,4.50,61,1,0,0,0,1,3.05,0.72
B-BCHUSDT,1642714200000,1642720500000,372.4,359.8199783974962,3.00,7,1,0,0,0,1,3.31,0.00
B-BCHUSDT,1642728600000,1642795200000,350.2,330.0695070060193,5.25,74,1,0,0,0,1,3.11,0.34
B-BCHUSDT,1645632000000,1645633800000,297,299.6129806853758,-1.00,2,1,0,0,1,1,0.00,1.19
B-BCHUSDT,1662621300000,1662632100000,116.3,118.87943414796325,-1.00,12,1,0,0,0,1,0.12,1.01
B-BCHUSDT,1667300400000,1667378700000,115.4,116.71881595239518,-1.00,87,1,0,0,0,1,1.90,2.88
B-BCHUSDT,1667859300000,1667870100000,116,118.36315288947151,-1.00,12,1,0,0,0,1,0.00,1.06
B-BCHUSDT,1668922200000,1668974400000,106.2,107.24039452596284,-1.00,58,1,0,0,0,1,2.98,1.35
B-BCHUSDT,1670711400000,1670715000000,108.8,109.56023131792723,-1.00,4,1,0,0,0,1,0.00,1.05
B-BCHUSDT,1671139800000,1671181200000,107.9,104.99302450378309,5.25,46,1,0,0,0,1,5.47,0.21
B-BCHUSDT,1673445600000,1673447400000,106.5,107.33777202495095,-1.00,2,1,0,0,0,1,0.00,1.07
B-BCHUSDT,1673451000000,1673461800000,105.9,107.51978191617405,-1.00,12,1,0,0,0,1,0.25,1.05
B-BCHUSDT,1680462900000,1680477300000,122.5,123.06323521333377,-1.00,16,1,0,0,0,1,2.31,1.07
B-BCHUSDT,1683509400000,1683612900000,111.9,116.91941638808704,-1.00,115,1,0,0,0,1,0.98,1.02
B-BCHUSDT,1686295800000,1686312000000,110.4,111.36858586093157,-1.00,18,1,0,0,0,1,0.21,1.03
B-BCHUSDT,1692126000000,1692216900000,228.4,202.06226935705632,5.25,101,1,0,0,0,1,3.12,0.48
B-BCHUSDT,1692232200000,1692234000000,204.7,207.93550581345534,-1.00,2,1,0,0,0,1,0.37,1.08
B-BCHUSDT,1693250100000,1693269900000,189.4,191.26279699197053,-1.00,22,1,0,0,0,1,1.18,1.07
B-BCHUSDT,1696770000000,1696770900000,227.2,228.5428108548109,-1.00,1,1,0,0,0,1,0.22,1.56
B-BCHUSDT,1701008100000,1701015300000,226.8,222.65855542095412,3.00,8,1,0,0,0,1,3.62,0.36
B-BCHUSDT,1701606600000,1701607500000,227.4,224.50175715606085,3.00,1,1,0,0,1,1,3.73,0.00
B-BCHUSDT,1702163700000,1702260000000,252.7,243.41526703973312,5.25,107,1,0,0,0,1,13.76,0.84
B-BCHUSDT,1702794600000,1702796400000,227.4,228.76574639264905,-1.00,2,1,0,0,0,1,0.51,1.03
B-BCHUSDT,1703566800000,1703568600000,233.2,229.48134312216786,3.00,2,1,0,0,0,1,3.63,0.08
B-BCHUSDT,1703605500000,1703611800000,228.8,221.27943212244645,3.00,7,1,0,0,0,1,3.51,0.48
B-BCHUSDT,1703644200000,1703652300000,226.5,231.70455797694618,-1.00,9,1,0,0,0,1,0.04,1.40
B-BCHUSDT,1708938900000,1708959600000,263.7,266.0224185994384,-1.00,23,1,0,0,0,1,0.65,1.29
B-BCHUSDT,1712942100000,1713037500000,553.6,481.6159464045056,5.25,106,1,0,0,0,1,3.07,0.40
B-BCHUSDT,1720083600000,1720139400000,349.8,320.96813576795716,5.25,62,1,0,0,0,1,3.59,0.10
B-BCHUSDT,1722756600000,1722792600000,354.5,335.30462093344886,5.25,40,1,0,0,0,1,3.49,0.95
B-BCHUSDT,1728828000000,1728832500000,324,318.48024941688897,3.00,5,1,0,0,1,1,3.32,0.38
B-BCHUSDT,1728840600000,1728854100000,318.7,321.8481658206934,-1.00,15,1,0,0,0,1,0.13,1.02
B-BCHUSDT,1733703300000,1733744700000,616,589.9395072681306,5.25,46,1,0,0,0,1,3.22,0.13
B-BCHUSDT,1739712600000,1739768400000,330.8,323.2902029437832,3.00,62,1,0,0,0,1,3.44,0.40
B-BCHUSDT,1740358800000,1740369600000,325.9,317.3855587117152,3.00,12,1,0,0,1,1,3.42,0.25
B-BCHUSDT,1740921300000,1740922200000,317.7,319.9906894668229,-1.00,1,1,0,0,0,1,0.52,1.31
B-BCHUSDT,1743907500000,1743964200000,296.2,279.53205007003805,5.25,63,1,0,0,0,1,3.28,0.38
B-BCHUSDT,1745798400000,1745800200000,343.7,346.47828630466853,-1.00,2,1,0,0,1,1,0.07,1.19
B-BCHUSDT,1749067200000,1749150900000,404,394.01631878745036,5.25,93,1,0,0,0,1,4.42,0.36
B-BCHUSDT,1756682100000,1756683900000,545.4,547.8599970434423,-1.00,2,1,0,0,0,1,0.98,1.42
B-BCHUSDT,1756691100000,1756711800000,538.8,542.5452473521894,-1.00,23,1,0,0,0,1,2.35,1.23
B-BCHUSDT,1758102300000,1758139200000,599,602.3002144388752,-1.00,41,1,0,0,0,1,2.58,1.36
B-BCHUSDT,1758445200000,1758447900000,596.1,597.5251428410276,-1.00,3,1,0,0,0,1,1.47,1.33
B-BCHUSDT,1759226400000,1759258800000,553.9,556.6241427380614,-1.00,36,1,0,0,0,1,1.73,1.03
B-BCHUSDT,1760016600000,1760049000000,576.3,580.1412515282342,-1.00,36,1,0,0,0,1,2.08,4.69
B-BCHUSDT,1761386400000,1761399000000,502.9,510.1748701908169,-1.00,14,1,0,0,0,1,0.96,1.11
B-BCHUSDT,1767277800000,1767303900000,587.8,593.4792655730548,-1.00,29,1,0,0,0,1,0.33,1.02
B-BCHUSDT,1767312000000,1767333600000,590.4,593.7022307130269,-1.00,24,1,0,0,0,1,1.51,1.18
B-BCHUSDT,1768911300000,1768949100000,574.4,579.3087072644938,-1.00,42,1,0,0,1,1,2.08,1.41
B-ADAUSDT,1524858300000,1524885300000,0.29368,0.29881236589790233,-1.00,30,1,0,0,0,1,2.33,1.02
B-ADAUSDT,1528591500000,1528652700000,0.19212,0.17628311556291323,4.50,68,1,0,0,1,1,3.20,0.54
B-ADAUSDT,1541251800000,1541275200000,0.07106,0.07187249627639637,-1.00,26,1,0,0,0,1,0.32,1.16
B-ADAUSDT,1542134700000,1542205800000,0.07533,0.07125736607368376,5.25,51,1,0,0,0,1,3.24,0.42
B-ADAUSDT,1542585600000,1542593700000,0.06185,0.059851803255512134,5.25,9,1,0,0,0,1,3.27,0.06
B-ADAUSDT,1542603600000,1542615300000,0.05843,0.05379737182052216,5.25,13,1,0,0,0,1,3.13,0.24
B-ADAUSDT,1544981400000,1544986800000,0.02891,0.02922899089233928,-1.00,6,1,0,0,0,1,0.31,1.00
B-ADAUSDT,1548563400000,1548594000000,0.04189,0.040812192677125075,3.00,34,1,0,0,0,1,3.28,0.22
B-ADAUSDT,1549548000000,1549616400000,0.03681,0.03724263817837717,-1.00,76,1,0,0,0,1,1.50,2.06
B-ADAUSDT,1550403000000,1550442600000,0.04095,0.041375201581135224,-1.00,44,1,0,0,1,1,0.94,1.51
B-ADAUSDT,1552082400000,1552106700000,0.0423,0.04319733748124844,-1.00,27,1,0,0,0,1,0.25,1.03
B-ADAUSDT,1554165000000,1554179400000,0.07143,0.0725529022316648,-1.00,16,1,0,0,1,1,0.74,1.91
B-ADAUSDT,1554213600000,1554246000000,0.08023,0.08318597973426081,-1.00,36,1,0,0,0,1,0.72,1.14
B-ADAUSDT,1568635200000,1568666700000,0.04621,0.0468007369220352,-1.00,35,1,0,0,0,1,1.00,1.57
B-ADAUSDT,1569259800000,1569283200000,0.04861,0.045703258900307825,5.25,26,1,0,0,0,1,3.13,0.33
B-ADAUSDT,1578254400000,1578276000000,0.03477,0.03508752105294268,-1.00,24,1,0,0,0,1,1.83,1.83
B-ADAUSDT,1581496200000,1581504300000,0.06397,0.06513257069218657,-1.00,9,1,0,0,0,1,0.16,1.17
B-ADAUSDT,1581780600000,1581781500000,0.06882,0.06718809562317996,5.25,1,1,0,0,0,1,4.72,0.00
B-ADAUSDT,1583625600000,1583678700000,0.04822,0.04591815706826522,5.25,59,1,0,0,0,1,3.35,0.12
B-ADAUSDT,1583937000000,1583949600000,0.03995,0.037972489412990765,4.50,14,1,0,0,0,1,3.11,0.06
B-ADAUSDT,1583993700000,1584009000000,0.03586,0.03292449974655884,5.25,17,1,0,0,0,1,4.90,0.02
B-ADAUSDT,1588981500000,1588986000000,0.05201,0.05267908501328144,-1.00,5,1,0,0,0,1,1.12,1.11
B-ADAUSDT,1589986800000,1589987700000,0.05675,0.05546643007946093,3.00,1,1,0,0,0,1,4.49,0.00
B-ADAUSDT,1589989500000,1589996700000,0.05451,0.055973108979036006,-1.00,8,1,0,0,0,1,0.28,1.20
B-ADAUSDT,1593522000000,1593522900000,0.08189,0.08266409683430544,-1.00,1,1,0,0,0,1,0.04,1.02
B-ADAUSDT,1595571300000,1595583900000,0.1225,0.12324471515548698,-1.00,14,1,0,0,0,1,1.10,1.28
B-ADAUSDT,1595597400000,1595604600000,0.12204,0.1232151830436876,-1.00,8,1,0,1,0,1,0.14,1.26
B-ADAUSDT,1595628000000,1595632500000,0.12077,0.12246816989378899,-1.00,5,1,0,0,0,1,0.01,1.16
B-ADAUSDT,1600604100000,1600676100000,0.0904,0.08551046539645656,4.50,80,1,0,0,0,1,3.25,0.03
B-ADAUSDT,1605951000000,1605960900000,0.12378,0.1266440256743931,-1.00,11,1,0,0,0,1,0.62,1.12
B-ADAUSDT,1609101900000,1609119000000,0.15309,0.1599258607686227,-1.00,19,1,0,0,0,1,0.14,1.28
B-ADAUSDT,1612867500000,1612881900000,0.66862,0.6928192597139221,-1.00,16,1,0,0,0,1,0.03,1.08
B-ADAUSDT,1632051900000,1632061800000,2.327,2.3599631415390934,-1.00,11,1,0,0,0,1,0.21,1.03
B-ADAUSDT,1636378200000,1636389000000,2.028,2.045629044561315,-1.00,12,1,0,0,0,1,0.45,1.42
B-ADAUSDT,1652064300000,1652093100000,0.7152,0.6535929775027417,3.00,32,1,0,0,1,1,3.10,0.38
B-ADAUSDT,1667856600000,1667880000000,0.4068,0.38228300207553007,4.50,26,1,0,0,1,1,3.27,0.18
B-ADAUSDT,1670847300000,1670879700000,0.3043,0.3068557411932679,-1.00,36,1,0,0,0,1,0.63,1.25
B-ADAUSDT,1672764300000,1672794000000,0.2512,0.2534647500261433,-1.00,33,1,0,0,0,1,0.44,1.37
B-ADAUSDT,1674596700000,1674693900000,0.3722,0.3807383533776028,-1.00,108,1,0,0,1,1,2.96,1.99
B-ADAUSDT,1680463800000,1680471000000,0.3767,0.38191041419384936,-1.00,8,1,0,0,0,1,0.17,1.04
B-ADAUSDT,1685892600000,1685903400000,0.3801,0.38143047220843557,-1.00,12,1,0,0,0,1,0.23,1.28
B-ADAUSDT,1689177600000,1689261300000,0.2888,0.29151221284640594,-1.00,93,1,0,0,0,1,1.47,1.84
B-ADAUSDT,1692036000000,1692046800000,0.2887,0.29093508091087705,-1.00,12,1,0,0,0,1,0.22,1.03
B-ADAUSDT,1692122400000,1692126000000,0.2875,0.2827654127887593,5.25,4,1,0,0,0,1,8.49,0.32
B-ADAUSDT,1692216900000,1692234900000,0.2693,0.27606021441326395,-1.00,20,1,0,0,0,1,0.58,1.07
B-ADAUSDT,1693250100000,1693258200000,0.2643,0.26670178136900585,-1.00,9,1,0,0,0,1,0.04,1.04
B-ADAUSDT,1698849900000,1698860700000,0.2873,0.29256601608062427,-1.00,12,1,0,0,1,1,0.13,1.01
B-ADAUSDT,1701607500000,1701641700000,0.3902,0.39400608060086323,-1.00,38,1,0,0,0,1,0.63,1.29
B-ADAUSDT,1709048700000,1709059500000,0.6133,0.6237634446903428,-1.00,12,1,0,0,0,1,0.57,1.14
B-ADAUSDT,1712580300000,1712582100000,0.6028,0.6077657885012349,-1.00,2,1,0,0,0,1,0.00,1.23
B-ADAUSDT,1712942100000,1713038400000,0.5232,0.40956942632081017,4.50,107,1,0,0,0,1,3.21,0.31
B-ADAUSDT,1715498100000,1715508900000,0.4386,0.4409804141459438,-1.00,12,1,0,0,0,1,0.76,1.26
B-ADAUSDT,1716137100000,1716145200000,0.4655,0.46958287095540147,-1.00,9,1,0,0,0,1,0.12,1.08
B-ADAUSDT,1718586900000,1718607600000,0.4152,0.4077335727676336,3.00,23,1,0,0,0,1,3.62,0.28
B-ADAUSDT,1722780000000,1722792600000,0.3542,0.33892448898517075,5.25,14,1,0,0,0,1,4.07,0.18
B-ADAUSDT,1730961000000,1730970000000,0.3665,0.37269200126468577,-1.00,10,1,0,1,1,0,0.13,1.07
B-ADAUSDT,1738500300000,1738503900000,0.8585,0.8765340875545179,-1.00,4,1,0,0,0,1,0.03,1.01
B-ADAUSDT,1740384000000,1740409200000,0.7386,0.7118982704499495,3.00,28,1,0,0,0,1,3.47,0.48
B-ADAUSDT,1743963300000,1744006500000,0.5922,0.5348391999212573,5.25,48,1,0,0,0,1,3.24,0.27
B-ADAUSDT,1760028300000,1760030100000,0.7966,0.8050985651242725,-1.00,2,1,0,0,0,1,0.15,1.04
B-TRXUSDT,1536085800000,1536140700000,0.02543,0.024000019725727177,5.25,61,1,0,0,0,1,3.59,0.29
B-TRXUSDT,1538831700000,1538858700000,0.02334,0.023820641388685438,-1.00,30,1,0,0,0,1,0.92,1.02
B-TRXUSDT,1542589200000,1542606300000,0.01862,0.01764872324115614,5.25,19,1,0,0,0,1,4.48,0.40
B-TRXUSDT,1542614400000,1542690000000,0.017,0.015556296470756195,4.50,84,1,0,0,0,1,3.64,0.42
B-TRXUSDT,1545080400000,1545108300000,0.01412,0.014472804067068554,-1.00,31,1,0,0,1,1,0.74,1.05
B-TRXUSDT,1547065800000,1547091000000,0.02867,0.029533949471759562,-1.00,28,1,0,0,0,1,1.46,1.23
B-TRXUSDT,1548515700000,1548522900000,0.02819,0.02870954934685268,-1.00,8,1,0,0,0,1,0.85,1.12
B-TRXUSDT,1549223100000,1549268100000,0.02532,0.025669032214975848,-1.00,50,1,0,0,0,1,0.89,2.52
B-TRXUSDT,1553247000000,1553249700000,0.02221,0.022420776444349384,-1.00,3,1,0,0,0,1,0.14,1.19
B-TRXUSDT,1554076800000,1554080400000,0.02338,0.02349803070942603,-1.00,4,1,0,1,1,0,1.69,1.78
B-TRXUSDT,1561122900000,1561164300000,0.03321,0.03354193561831254,-1.00,46,1,0,0,0,1,1.21,1.05
B-TRXUSDT,1566962100000,1567013400000,0.01747,0.01710338759469933,3.00,57,1,0,0,0,1,3.36,0.98
B-TRXUSDT,1568635200000,1568667600000,0.01546,0.015661133293798507,-1.00,36,1,0,0,1,1,0.94,1.09
B-TRXUSDT,1569272400000,1569350700000,0.01606,0.014196637742753301,3.00,87,1,0,0,0,1,3.45,0.39
B-TRXUSDT,1569759300000,1569773700000,0.01288,0.01315124702432048,-1.00,16,1,0,0,0,1,0.48,1.07
B-TRXUSDT,1574317800000,1574334000000,0.01624,0.01552445702631457,5.25,18,1,0,0,1,1,3.48,0.50
B-TRXUSDT,1574345700000,1574348400000,0.01555,0.01510770451726609,3.00,3,1,0,0,0,1,6.78,0.14
B-TRXUSDT,1576520100000,1576592100000,0.01363,0.012819902703986183,5.25,80,1,0,0,0,1,3.11,0.37
B-TRXUSDT,1583625600000,1583677800000,0.01683,0.01619878548677207,4.50,58,1,0,0,0,1,3.04,0.14
B-TRXUSDT,1583947800000,1583952300000,0.01433,0.014549170182981396,-1.00,5,1,0,0,0,1,1.00,1.14
B-TRXUSDT,1583993700000,1584009000000,0.0137,0.012273002952265846,5.25,17,1,0,0,0,1,5.26,0.00
B-TRXUSDT,1590870600000,1590874200000,0.01587,0.01605828434365519,-1.00,4,1,0,0,0,1,0.27,2.50
B-TRXUSDT,1592104500000,1592184600000,0.01643,0.01594372751212019,5.25,89,1,0,0,0,1,3.76,0.49
B-TRXUSDT,1596286800000,1596301200000,0.01967,0.02008653601345072,-1.00,16,1,0,0,0,1,0.67,1.37
B-TRXUSDT,1596966300000,1596971700000,0.02035,0.02059767033149982,-1.00,6,1,0,0,0,1,0.12,1.09
B-TRXUSDT,1598823900000,1598886000000,0.02698,0.027439130204513378,-1.00,69,1,0,1,0,1,2.61,1.44
B-TRXUSDT,1598918400000,1598923800000,0.02855,0.02951148493771532,-1.00,6,1,0,0,0,1,0.52,1.45
B-TRXUSDT,1605951000000,1605961800000,0.02732,0.027983501651710027,-1.00,12,1,0,0,1,1,0.30,1.63
B-TRXUSDT,1606137300000,1606142700000,0.02969,0.03059154425157787,-1.00,6,1,0,0,0,1,0.12,1.40
B-TRXUSDT,1606723200000,1606743900000,0.03058,0.03126072351859221,-1.00,23,1,0,0,0,1,0.50,1.26
B-TRXUSDT,1608076800000,1608112800000,0.02901,0.029220518504508426,-1.00,40,1,0,0,0,1,1.24,1.43
B-TRXUSDT,1617119100000,1617129000000,0.06508,0.06574625490363727,-1.00,11,1,0,0,0,1,0.54,1.10
B-TRXUSDT,1617137100000,1617141600000,0.06485,0.06552544414446289,-1.00,5,1,0,0,0,1,0.43,1.13
B-TRXUSDT,1618243200000,1618245900000,0.12804,0.13089923011087057,-1.00,3,1,0,1,1,0,0.01,1.54
B-TRXUSDT,1619044200000,1619109000000,0.12468,0.12852753146965812,-1.00,72,1,0,0,0,1,1.60,1.06
B-TRXUSDT,1630997100000,1631007000000,0.10231,0.09634589127891102,5.25,11,1,0,0,1,1,3.37,0.21
B-TRXUSDT,1632051900000,1632069000000,0.10376,0.10551062777670114,-1.00,19,1,0,0,0,1,0.37,1.02
B-TRXUSDT,1635246000000,1635319800000,0.10372,0.09875692263795222,3.00,82,1,0,0,0,1,3.03,0.51
B-TRXUSDT,1642714200000,1642723200000,0.07009,0.06735034424617152,3.00,10,1,0,0,1,1,3.30,0.00
B-TRXUSDT,1650459600000,1650461400000,0.06302,0.06247195381822819,3.00,2,1,0,1,1,0,3.12,0.99
B-TRXUSDT,1654003800000,1654011900000,0.07952,0.08092991880352104,-1.00,9,1,0,1,0,1,0.01,1.33
B-TRXUSDT,1654942500000,1654951500000,0.07916,0.07696576163202272,3.00,10,1,0,0,0,1,3.21,0.15
B-TRXUSDT,1655000100000,1655022600000,0.07523,0.07619853321456459,-1.00,25,1,0,0,0,1,1.16,1.00
B-TRXUSDT,1667856600000,1667880000000,0.06226,0.060645108198929,3.00,26,1,0,0,0,1,4.18,0.93
B-TRXUSDT,1667929500000,1667971800000,0.06055,0.062207334721052714,-1.00,47,1,0,0,1,1,2.62,2.99
B-TRXUSDT,1668319200000,1668343500000,0.0541,0.0513885545921273,3.00,27,1,0,0,0,1,3.09,0.02
B-TRXUSDT,1672929000000,1672971300000,0.05425,0.053299192981541337,5.25,47,1,0,0,0,1,4.29,0.35
B-TRXUSDT,1678315500000,1678329000000,0.06495,0.065530988857391,-1.00,15,1,0,0,0,1,0.41,1.07
B-TRXUSDT,1681206300000,1681234200000,0.06666,0.06718318328275424,-1.00,31,1,0,0,1,1,2.54,2.06
B-TRXUSDT,1685713500000,1685730600000,0.07616,0.07658548057299665,-1.00,19,1,0,0,1,1,0.09,1.20
B-TRXUSDT,1692126000000,1692307800000,0.07644,0.07383463445456408,5.25,202,1,0,0,1,1,4.74,0.38
B-TRXUSDT,1694423700000,1694440800000,0.07824,0.07716683900841242,3.00,19,1,0,0,0,1,3.16,0.11
B-TRXUSDT,1694459700000,1694473200000,0.07728,0.07755319192948719,-1.00,15,1,0,0,0,1,1.06,1.13
B-TRXUSDT,1696271400000,1696372200000,0.08765,0.08861675816945261,-1.00,112,1,0,0,0,1,0.36,1.88
B-TRXUSDT,1698768000000,1698768900000,0.09609,0.0960649957175912,-1.00,1,1,0,1,1,0,0.00,0.00
B-TRXUSDT,1700514000000,1700529300000,0.10117,0.10188120487235122,-1.00,17,1,0,0,0,1,0.45,1.01
B-TRXUSDT,1701607500000,1701626400000,0.10284,0.10330440421555903,-1.00,21,1,0,0,0,1,0.60,1.42
B-TRXUSDT,1702163700000,1702176300000,0.10697,0.10743543311347632,-1.00,14,1,0,0,0,1,1.46,1.14
B-TRXUSDT,1704205800000,1704213900000,0.10913,0.10966515199784843,-1.00,9,1,0,0,1,1,1.21,1.14
B-TRXUSDT,1705072500000,1705123800000,0.107,0.10802740768968006,-1.00,57,1,0,0,0,1,1.16,1.14
B-TRXUSDT,1707152400000,1707160500000,0.11809,0.11862556032132135,-1.00,9,1,0,0,0,1,0.35,3.57
B-TRXUSDT,1707922800000,1707944400000,0.1285,0.12917478772281246,-1.00,24,1,0,0,1,1,0.25,1.02
B-TRXUSDT,1710062100000,1710098100000,0.13574,0.13465809015571778,5.25,40,1,0,0,0,1,4.82,0.17
B-TRXUSDT,1710780300000,1710807300000,0.12368,0.12430111532123775,-1.00,30,1,0,0,0,1,1.03,1.09
B-TRXUSDT,1710840600000,1710961200000,0.11762,0.1206812604049748,-1.00,134,1,0,0,0,1,2.39,1.06
B-TRXUSDT,1711950300000,1712047500000,0.12144,0.11687642897446308,4.50,108,1,0,0,0,1,3.01,0.36
B-TRXUSDT,1712646900000,1712649600000,0.12213,0.12110207256857639,5.25,3,1,0,0,0,1,3.04,0.47
B-TRXUSDT,1712670300000,1712717100000,0.12208,0.12031975300215057,5.25,52,1,0,0,0,1,3.44,0.53
B-TRXUSDT,1721583900000,1721606400000,0.13421,0.13456905489856022,-1.00,25,1,0,0,1,1,1.39,3.93
B-TRXUSDT,1722780000000,1722817800000,0.1277,0.1256299633881284,5.25,42,1,0,0,0,1,3.62,0.29
B-TRXUSDT,1724029200000,1724053500000,0.1346,0.1355683564348051,-1.00,27,1,0,0,0,1,0.62,1.24
B-TRXUSDT,1731171600000,1731173400000,0.1601,0.16045746452032134,-1.00,2,1,0,0,0,1,0.28,1.12
B-TRXUSDT,1731302100000,1731341700000,0.1649,0.16578329581897264,-1.00,44,1,0,1,0,1,1.36,1.25
B-TRXUSDT,1732281300000,1732293900000,0.197,0.20028335048131476,-1.00,14,1,0,0,0,1,0.06,1.01
B-TRXUSDT,1733111100000,1733152500000,0.2087,0.2125739062808544,-1.00,46,1,0,0,0,1,1.39,1.03
B-TRXUSDT,1733208300000,1733220900000,0.2288,0.2362889434204794,-1.00,14,1,0,0,0,1,0.39,1.30
B-TRXUSDT,1733714100000,1733733900000,0.311,0.2965248045314396,5.25,22,1,0,0,0,1,3.30,0.04
B-TRXUSDT,1736674200000,1736684100000,0.2364,0.23794558581805006,-1.00,11,1,0,0,0,1,0.26,1.16
B-TRXUSDT,1737879300000,1737932400000,0.2524,0.24965196131098993,4.50,59,1,0,0,0,1,3.06,0.55
B-TRXUSDT,1738461600000,1738500300000,0.2443,0.23863553239076724,5.25,43,1,0,0,0,1,3.44,0.05
B-TRXUSDT,1752710400000,1752712200000,0.3083,0.3099804825260764,-1.00,2,1,0,0,0,1,0.00,1.37
B-TRXUSDT,1752716700000,1752718500000,0.3082,0.309556962036199,-1.00,2,1,0,0,0,1,0.07,1.18
B-TRXUSDT,1753712100000,1753758900000,0.3229,0.325441572785263,-1.00,52,1,0,1,1,0,1.14,1.30
B-TRXUSDT,1758441600000,1758459600000,0.3449,0.341808308261418,4.50,20,1,0,0,0,1,3.11,0.19
B-TRXUSDT,1762136100000,1762144200000,0.2963,0.2927032430096852,3.00,9,1,0,0,0,1,3.00,0.42
B-TRXUSDT,1762165800000,1762184700000,0.2938,0.2878529355360013,4.50,21,1,0,0,0,1,3.08,0.05
B-TRXUSDT,1762192800000,1762242300000,0.2845,0.27840724135082046,5.25,55,1,0,0,0,1,3.45,0.54
B-TRXUSDT,1764462600000,1764489600000,0.2804,0.2809701,-1.00,30,1,0,0,0,1,1.58,2.28
B-XLMUSDT,1542132000000,1542188700000,0.26434,0.25387653543972744,5.25,35,1,0,0,0,1,3.42,0.52
B-XLMUSDT,1542614400000,1542696300000,0.23359,0.21443999791932872,3.00,91,1,0,0,0,1,3.27,0.77
B-XLMUSDT,1550462400000,1550493000000,0.08025,0.08125141265607974,-1.00,34,1,0,0,0,1,1.57,1.07
B-XLMUSDT,1552887000000,1552901400000,0.10894,0.10604820825409049,5.25,16,1,0,0,0,1,3.05,0.04
B-XLMUSDT,1561464900000,1561530600000,0.1258,0.12710245998453862,-1.00,73,1,0,0,0,1,2.92,1.27
B-XLMUSDT,1562818500000,1562914800000,0.08817,0.09303271968268512,-1.00,107,1,0,0,0,1,0.56,1.06
B-XLMUSDT,1565704800000,1565720100000,0.07397,0.07493338921948851,-1.00,17,1,0,0,0,1,1.24,1.03
B-XLMUSDT,1565741700000,1565800200000,0.07385,0.07194165502652634,5.25,65,1,0,0,0,1,3.22,0.94
B-XLMUSDT,1568635200000,1568667600000,0.05843,0.05894710154798534,-1.00,36,1,0,0,0,1,0.93,1.26
B-XLMUSDT,1568692800000,1568708100000,0.05826,0.05867534141741007,-1.00,17,1,0,0,0,1,0.53,1.18
B-XLMUSDT,1570996800000,1571030100000,0.0614,0.062457931625911886,-1.00,37,1,0,0,0,1,0.57,1.43
B-XLMUSDT,1571739300000,1571750100000,0.06393,0.0643534195263454,-1.00,12,1,0,0,0,1,0.38,1.77
B-XLMUSDT,1571993100000,1572000300000,0.0599,0.06079365469805494,-1.00,8,1,0,0,0,1,0.00,1.39
B-XLMUSDT,1572516000000,1572521400000,0.06226,0.06337272774539564,-1.00,6,1,0,0,0,1,0.23,1.11
B-XLMUSDT,1576520100000,1576553400000,0.04927,0.046129146858628865,5.25,37,1,0,0,0,1,3.43,0.03
B-XLMUSDT,1576589400000,1576611000000,0.04518,0.043277967117416626,4.50,24,1,0,0,0,1,3.39,0.16
B-XLMUSDT,1577930400000,1577953800000,0.04506,0.045217805435313035,-1.00,26,1,0,0,0,1,2.22,1.65
B-XLMUSDT,1578259800000,1578275100000,0.04553,0.0458465791716464,-1.00,17,1,0,0,1,1,1.07,1.17
B-XLMUSDT,1578924900000,1578931200000,0.04787,0.04810676271928669,-1.00,7,1,0,0,0,1,1.14,1.14
B-XLMUSDT,1581781500000,1581859800000,0.08243,0.0735281057825762,5.25,87,1,0,0,0,1,3.00,0.48
B-XLMUSDT,1583625600000,1583674200000,0.05761,0.055207933645874605,4.50,54,1,0,0,0,1,3.10,0.10
B-XLMUSDT,1583937000000,1583949600000,0.05011,0.04800609549031866,4.50,14,1,0,0,0,1,3.45,0.34
B-XLMUSDT,1583985600000,1584009000000,0.0464,0.04059447401143992,4.50,26,1,0,0,0,1,4.01,0.40
B-XLMUSDT,1584019800000,1584021600000,0.03474,0.036709371431268865,-1.00,2,1,0,1,0,1,0.12,1.09
B-XLMUSDT,1585756800000,1585772100000,0.03927,0.03976566998107167,-1.00,17,1,0,0,0,1,0.54,1.05
B-XLMUSDT,1586106000000,1586108700000,0.04192,0.04221583051731714,-1.00,3,1,0,0,0,1,1.28,1.15
B-XLMUSDT,1586947500000,1586995200000,0.04735,0.045420447009521185,5.25,53,1,0,0,0,1,3.39,0.90
B-XLMUSDT,1587303000000,1587332700000,0.04888,0.049624257444066816,-1.00,33,1,0,0,1,1,0.87,1.01
B-XLMUSDT,1587339000000,1587350700000,0.04891,0.0496186287420781,-1.00,13,1,0,0,0,1,0.52,1.19
B-XLMUSDT,1588145400000,1588158000000,0.06875,0.07008057401292475,-1.00,14,1,0,0,0,1,0.00,1.28
B-XLMUSDT,1590850800000,1590867000000,0.06871,0.07001167819420326,-1.00,18,1,0,0,1,1,0.00,1.91
B-XLMUSDT,1590870600000,1590872400000,0.07039,0.07139954340550002,-1.00,2,1,0,0,1,1,0.24,1.13
B-XLMUSDT,1590883200000,1590909300000,0.07116,0.07292939836029559,-1.00,29,1,0,0,0,1,0.75,1.03
B-XLMUSDT,1593186300000,1593190800000,0.06684,0.06728167428235436,-1.00,5,1,0,0,0,1,0.48,1.02
B-XLMUSDT,1594166400000,1594169100000,0.07285,0.07369218061589777,-1.00,3,1,0,0,0,1,0.47,1.37
B-XLMUSDT,1594219500000,1594221300000,0.07794,0.0788040228077935,-1.00,2,1,0,1,1,0,0.02,1.11
B-XLMUSDT,1596276900000,1596283200000,0.09954,0.10126492257811438,-1.00,7,1,0,0,1,1,0.05,2.26
B-XLMUSDT,1600604100000,1600682400000,0.07683,0.07323608367799164,5.25,87,1,0,0,0,1,3.30,0.50
B-XLMUSDT,1602820800000,1602867600000,0.07304,0.07454107411810498,-1.00,52,1,0,0,0,1,0.75,1.23
B-XLMUSDT,1606140900000,1606141800000,0.11464,0.11469550314452107,-1.00,1,1,0,1,1,0,44.68,8.29
B-XLMUSDT,1607419800000,1607436000000,0.158,0.1623268895193693,-1.00,18,1,0,0,0,1,0.70,1.02
B-XLMUSDT,1608076800000,1608113700000,0.16378,0.16695520252260332,-1.00,41,1,0,0,1,1,1.42,1.07
B-XLMUSDT,1609689600000,1609690500000,0.13391,0.13314910418672518,-1.00,1,1,0,1,1,0,0.00,0.00
B-XLMUSDT,1612867500000,1612893600000,0.38485,0.3957074696731769,-1.00,29,1,0,0,0,1,0.08,1.05
B-XLMUSDT,1613995200000,1614068100000,0.46117,0.3796472322151509,5.25,81,1,0,0,1,1,3.40,0.37
B-XLMUSDT,1616198400000,1616211000000,0.39486,0.3965805167851773,-1.00,14,1,0,1,1,0,1.08,2.39
B-XLMUSDT,1620239400000,1620258300000,0.58219,0.6011153867211725,-1.00,21,1,0,0,0,1,0.57,1.26
B-XLMUSDT,1635256800000,1635278400000,0.3777,0.3818354147101588,-1.00,24,1,0,0,0,1,0.36,1.02
B-XLMUSDT,1642714200000,1642729500000,0.2416,0.2232609384858115,5.25,17,1,0,0,0,1,3.21,0.02
B-XLMUSDT,1653879600000,1653886800000,0.1352,0.1377474238343852,-1.00,8,1,0,0,0,1,0.24,1.18
B-XLMUSDT,1661440500000,1661448600000,0.1093,0.11039518228444924,-1.00,9,1,0,0,0,1,0.37,1.10
B-XLMUSDT,1667856600000,1667870100000,0.1091,0.11055031896080228,-1.00,15,1,0,0,0,1,0.97,1.10
B-XLMUSDT,1668933000000,1668988800000,0.0898,0.08563896317529093,5.25,62,1,0,0,0,1,3.39,0.58
B-XLMUSDT,1687852800000,1687860900000,0.0938,0.09458889044912333,-1.00,9,1,0,0,0,1,0.89,1.52
B-XLMUSDT,1692033300000,1692107100000,0.1365,0.13409045234804964,5.25,82,1,0,0,0,1,3.24,0.12
B-XLMUSDT,1692216900000,1692307800000,0.1254,0.1155522687757258,5.25,101,1,0,0,0,1,6.03,0.70
B-XLMUSDT,1696282200000,1696297500000,0.111,0.1119853837900536,-1.00,17,1,0,0,0,1,0.71,1.01
B-XLMUSDT,1697679000000,1697732100000,0.1023,0.10356877179761777,-1.00,59,1,0,0,0,1,0.16,1.18
B-XLMUSDT,1701607500000,1701642600000,0.1211,0.12219495628810141,-1.00,39,1,0,0,0,1,0.27,1.46
B-XLMUSDT,1705851000000,1705860900000,0.116,0.11667670115432884,-1.00,11,1,0,0,0,1,0.44,1.03
B-XLMUSDT,1708337700000,1708342200000,0.116,0.11715129707566349,-1.00,5,1,0,0,0,1,0.00,1.13
B-XLMUSDT,1708361100000,1708375500000,0.1164,0.11781176239661607,-1.00,16,1,0,0,0,1,0.57,1.06
B-XLMUSDT,1709048700000,1709055900000,0.1188,0.12037267291391832,-1.00,8,1,0,0,0,1,0.64,1.02
B-XLMUSDT,1709449200000,1709450100000,0.1352,0.1299657235927239,3.00,1,1,0,0,0,1,4.41,0.11
B-XLMUSDT,1710073800000,1710117900000,0.1412,0.135369032702077,4.50,49,1,0,0,1,1,3.65,0.36
B-XLMUSDT,1712937600000,1712942100000,0.1249,0.1199506404430341,5.25,5,1,0,0,0,1,4.79,0.42
B-XLMUSDT,1717691400000,1717767000000,0.106,0.10678149423868921,-1.00,84,1,0,0,0,1,1.54,1.02
B-XLMUSDT,1720054800000,1720098900000,0.0897,0.08636512242875581,5.25,49,1,0,0,0,1,3.24,0.27
B-XLMUSDT,1720746900000,1720748700000,0.0884,0.08931992035905464,-1.00,2,1,0,0,0,1,0.00,1.09
B-XLMUSDT,1731301200000,1731303000000,0.1113,0.1087019170689741,3.00,2,1,0,0,0,1,3.00,0.00
B-XLMUSDT,1735666200000,1735689600000,0.3303,0.33867879901593767,-1.00,26,1,0,0,0,1,0.19,1.15
B-XLMUSDT,1740366000000,1740433500000,0.3245,0.3101912025320613,5.25,75,1,0,0,1,1,3.23,0.38
B-XLMUSDT,1745145000000,1745178300000,0.2423,0.243701804893513,-1.00,37,1,0,0,0,1,2.35,1.43
B-XLMUSDT,1751824800000,1751832000000,0.2431,0.24504441524393902,-1.00,8,1,0,0,0,1,0.67,1.65
B-XLMUSDT,1760026500000,1760031900000,0.375,0.3769021502307827,-1.00,6,1,0,1,1,0,2.21,1.21
B-XLMUSDT,1762099200000,1762126200000,0.3005,0.30430850860196784,-1.00,30,1,0,0,1,1,0.26,1.21
B-XLMUSDT,1762182900000,1762560000000,0.2808,0.2947292244525285,-1.00,419,1,0,0,0,1,2.07,1.02
B-XLMUSDT,1767319200000,1767324600000,0.2064,0.20790860106550146,-1.00,6,1,0,0,0,1,0.53,1.92
B-IOTAUSDT,1528587900000,1528591500000,1.6481,1.5617062741572452,3.00,4,1,0,0,0,1,4.35,0.11
B-IOTAUSDT,1529631000000,1529660700000,1.138,1.0452271145334993,5.25,33,1,0,0,0,1,3.08,0.05
B-IOTAUSDT,1536085800000,1536141600000,0.7148,0.6603126737858488,5.25,62,1,0,0,0,1,3.78,0.43
B-IOTAUSDT,1542188700000,1542210300000,0.4917,0.45346279860405647,3.00,24,1,0,0,0,1,3.17,0.35
B-IOTAUSDT,1542537900000,1542558600000,0.4114,0.4162259472243081,-1.00,23,1,0,0,0,1,0.23,1.12
B-IOTAUSDT,1542571200000,1542593700000,0.4136,0.3998982163340163,5.25,25,1,0,0,0,1,4.05,0.24
B-IOTAUSDT,1542614400000,1542696300000,0.3707,0.32004784124605695,4.50,91,1,0,0,0,1,3.48,0.19
B-IOTAUSDT,1545080400000,1545141600000,0.2535,0.25888406125732705,-1.00,68,1,0,0,1,1,1.67,1.02
B-IOTAUSDT,1549562400000,1549604700000,0.2503,0.2546261665893389,-1.00,47,1,0,0,0,1,0.32,1.55
B-IOTAUSDT,1550428200000,1550432700000,0.2725,0.27548312730638547,-1.00,5,1,0,0,0,1,0.10,1.01
B-IOTAUSDT,1553098500000,1553106600000,0.3002,0.2904421986693453,3.00,9,1,0,0,0,1,3.75,0.28
B-IOTAUSDT,1554213600000,1554247800000,0.3408,0.3505158091544922,-1.00,38,1,0,0,0,1,1.16,1.15
B-IOTAUSDT,1556416800000,1556494200000,0.2565,0.26632757528225504,-1.00,86,1,0,0,1,1,0.66,1.07
B-IOTAUSDT,1567015200000,1568744100000,0.2453,0.2613674251408138,-1.00,1921,1,0,0,0,1,1.16,1.54
B-IOTAUSDT,1569272400000,1569337200000,0.2852,0.26579399852610813,4.50,72,1,0,0,0,1,3.11,0.15
B-IOTAUSDT,1571990400000,1571999400000,0.2525,0.2536372237079473,-1.00,10,1,0,0,0,1,1.06,1.32
B-IOTAUSDT,1574325900000,1574348400000,0.2366,0.22374403555455247,5.25,25,1,0,0,0,1,4.01,0.28
B-IOTAUSDT,1574368200000,1574384400000,0.2268,0.22912305634224828,-1.00,18,1,0,0,0,1,1.25,1.16
B-IOTAUSDT,1576520100000,1576522800000,0.1846,0.17436819461056638,3.00,3,1,0,0,1,1,3.75,0.09
B-IOTAUSDT,1579005000000,1579011300000,0.1937,0.19694679441623025,-1.00,7,1,0,0,0,1,0.80,1.02
B-IOTAUSDT,1580143500000,1580152500000,0.2501,0.25272513783664896,-1.00,10,1,0,0,0,1,0.72,1.30
B-IOTAUSDT,1580601600000,1580625900000,0.3022,0.30670135003448673,-1.00,27,1,0,0,0,1,1.98,1.22
B-IOTAUSDT,1582640100000,1582678800000,0.2545,0.24483384266986274,5.25,43,1,0,0,0,1,3.38,0.40
B-IOTAUSDT,1583625600000,1583669700000,0.2204,0.21132453758115938,5.25,49,1,0,0,0,1,3.17,0.13
B-IOTAUSDT,1583946000000,1583956800000,0.1891,0.19306005028826956,-1.00,12,1,0,0,1,1,1.62,1.16
B-IOTAUSDT,1586106000000,1586108700000,0.1473,0.14843767318349407,-1.00,3,1,0,0,0,1,1.41,1.05
B-IOTAUSDT,1589986800000,1589989500000,0.2034,0.19740364407593092,5.25,3,1,0,0,1,1,4.05,0.00
B-IOTAUSDT,1590850800000,1590858000000,0.2084,0.2122532726343533,-1.00,8,1,0,1,0,1,0.00,1.04
B-IOTAUSDT,1590868800000,1590876900000,0.2113,0.21495336319258174,-1.00,9,1,0,0,0,1,0.68,1.23
B-IOTAUSDT,1592901000000,1592925300000,0.2283,0.23051124296929618,-1.00,27,1,0,0,0,1,0.77,1.09
B-IOTAUSDT,1595206800000,1595221200000,0.2467,0.2502080579194495,-1.00,16,1,0,0,1,1,0.20,1.34
B-IOTAUSDT,1595812500000,1595814300000,0.2692,0.2723155095055678,-1.00,2,1,0,0,1,1,0.42,1.22
B-IOTAUSDT,1596276900000,1596303900000,0.3016,0.3060208231374315,-1.00,30,1,0,0,0,1,0.75,1.65
B-IOTAUSDT,1597054500000,1597071600000,0.346,0.3553187140029404,-1.00,19,1,0,0,0,1,0.31,1.13
B-IOTAUSDT,1609620300000,1609626600000,0.2784,0.2872614896361515,-1.00,7,1,0,0,0,1,0.16,1.20
B-IOTAUSDT,1618483500000,1618490700000,2.0661,2.107476002113573,-1.00,8,1,0,1,0,1,0.12,1.09
B-IOTAUSDT,1626152400000,1626157800000,0.783,0.7909106770133368,-1.00,6,1,0,0,0,1,0.76,1.47
B-IOTAUSDT,1630503900000,1630504800000,1.1091,1.1131412194974422,-1.00,1,1,0,1,1,0,3.29,1.63
B-IOTAUSDT,1635248700000,1635273000000,1.4047,1.4178474583664673,-1.00,27,1,0,0,0,1,2.53,1.08
B-IOTAUSDT,1635603300000,1635607800000,1.2547,1.2769515035353982,-1.00,5,1,0,0,1,1,0.50,1.11
B-IOTAUSDT,1637056800000,1637071200000,1.1317,1.2401696536809605,-1.00,16,1,0,0,0,1,0.04,1.06
B-IOTAUSDT,1640644200000,1640660400000,1.3805,1.3220639912835825,5.25,18,1,0,0,0,1,3.51,0.46
B-IOTAUSDT,1646829000000,1646839800000,0.7328,0.7428336852044121,-1.00,12,1,0,0,0,1,0.46,1.06
B-IOTAUSDT,1647696600000,1647700200000,0.7404,0.7492462686633339,-1.00,4,1,0,0,1,1,0.08,1.09
B-IOTAUSDT,1652062500000,1652093100000,0.454,0.4232421601960104,4.50,34,1,0,0,0,1,3.09,0.67
B-IOTAUSDT,1664110800000,1664125200000,0.2783,0.27279019535174565,5.25,16,1,0,0,0,1,3.27,0.44
B-IOTAUSDT,1668940200000,1668942900000,0.2239,0.22640908815124292,-1.00,3,1,0,0,0,1,0.08,1.08
B-IOTAUSDT,1668966300000,1668988800000,0.2209,0.21098282975761679,4.50,25,1,0,0,1,1,3.57,0.09
B-IOTAUSDT,1673137800000,1673208000000,0.1781,0.18047306350971773,-1.00,78,1,0,0,0,1,0.46,1.22
B-IOTAUSDT,1676205000000,1676212200000,0.2328,0.23423767852381785,-1.00,8,1,0,0,0,1,0.70,1.95
B-IOTAUSDT,1685323800000,1685337300000,0.2004,0.2024762123132769,-1.00,15,1,0,0,0,1,0.58,1.01
B-IOTAUSDT,1685340000000,1685342700000,0.2023,0.20374061166016663,-1.00,3,1,0,0,0,1,0.28,1.39
B-IOTAUSDT,1690776000000,1690811100000,0.1751,0.17300245741596054,4.50,39,1,0,0,1,1,3.15,0.00
B-IOTAUSDT,1692025200000,1692027000000,0.1694,0.17018407479181613,-1.00,2,1,0,0,1,1,0.00,1.28
B-IOTAUSDT,1692216900000,1692307800000,0.1559,0.14416957299204994,5.25,101,1,0,0,0,1,6.11,0.51
B-IOTAUSDT,1694013300000,1694014200000,0.1702,0.17018835780816846,-1.00,1,1,0,1,1,0,0.00,0.00
B-IOTAUSDT,1696182300000,1696187700000,0.1532,0.15448004446458552,-1.00,6,1,0,0,0,1,0.08,1.02
B-IOTAUSDT,1697367600000,1697369400000,0.1456,0.14618590875567883,-1.00,2,1,0,0,0,1,0.51,1.88
B-IOTAUSDT,1701440100000,1701463500000,0.2269,0.23123706053091628,-1.00,26,1,0,0,0,1,0.90,1.50
B-IOTAUSDT,1710078300000,1710090000000,0.3443,0.3498137595949911,-1.00,13,1,0,0,0,1,1.45,1.07
B-IOTAUSDT,1712942100000,1713037500000,0.2787,0.22612218287438585,5.25,106,1,0,0,0,1,3.69,0.14
B-IOTAUSDT,1717425000000,1717506900000,0.2158,0.21781639325849686,-1.00,91,1,0,0,0,1,1.24,1.49
B-IOTAUSDT,1718586900000,1718607600000,0.1886,0.18035785061004495,5.25,23,1,0,0,0,1,3.64,0.04
B-IOTAUSDT,1720054800000,1720098900000,0.1608,0.1507719356770683,3.00,49,1,0,0,0,1,3.23,0.15
B-IOTAUSDT,1722780000000,1722792600000,0.1334,0.12497108148786715,5.25,14,1,0,0,0,1,3.45,0.14
B-IOTAUSDT,1731171600000,1731178800000,0.12,0.12224452793844272,-1.00,8,1,0,0,0,1,0.31,1.20
B-IOTAUSDT,1731302100000,1731342600000,0.1363,0.14126391204572472,-1.00,45,1,0,0,0,1,0.73,1.07
B-IOTAUSDT,1731841200000,1731911400000,0.1619,0.16563336124059402,-1.00,78,1,0,0,0,1,2.76,1.37
B-IOTAUSDT,1738450800000,1738454400000,0.2765,0.2819940419206098,-1.00,4,1,0,0,0,1,0.27,1.11
B-IOTAUSDT,1740358800000,1740384900000,0.2238,0.21198404383981467,5.25,29,1,0,0,1,1,3.28,0.25
B-IOTAUSDT,1743945300000,1743960600000,0.1586,0.15141413046082963,3.00,17,1,0,0,0,1,3.13,0.29
B-IOTAUSDT,1745716500000,1745757900000,0.2089,0.21374730585449525,-1.00,46,1,0,0,0,1,1.28,1.51
B-IOTAUSDT,1758446100000,1758508200000,0.1843,0.1778201624505641,5.25,69,1,0,0,0,1,3.52,0.88
B-IOTAUSDT,1762092900000,1762126200000,0.1397,0.1418580812155241,-1.00,37,1,0,0,0,1,0.93,1.02
B-IOTAUSDT,1765706400000,1765722600000,0.0987,0.09677468399891316,5.25,18,1,0,0,0,1,3.27,0.47
B-IOTAUSDT,1765731600000,1765788300000,0.0961,0.09260063747570474,5.25,63,1,0,0,0,1,3.51,0.34
B-IOTAUSDT,1767794400000,1767855600000,0.1078,0.10189883270700802,3.00,68,1,0,0,0,1,3.10,0.66
B-IOTAUSDT,1768696200000,1768741200000,0.0956,0.09230969756730896,5.25,50,1,0,0,0,1,3.01,0.18
B-XMRUSDT,1554170400000,1554179400000,60.31,61.437255484012915,-1.00,10,1,0,0,0,1,1.28,2.48
B-XMRUSDT,1555347600000,1555358400000,65.8,63.80441407886245,3.00,12,1,0,0,0,1,3.80,0.17
B-XMRUSDT,1557458100000,1557461700000,65.27,65.9905431402113,-1.00,4,1,0,0,0,1,0.31,1.26
B-XMRUSDT,1561518900000,1561521600000,111.1,106.61351843627708,5.25,3,1,0,0,0,1,3.40,0.17
B-XMRUSDT,1571159700000,1571196600000,52.14,52.731966325205285,-1.00,41,1,0,1,0,1,0.83,1.39
B-XMRUSDT,1571997600000,1571999400000,52.68,53.28597019427832,-1.00,2,1,0,0,0,1,0.02,1.02
B-XMRUSDT,1573463700000,1573480800000,61.22,61.99350724202916,-1.00,19,1,0,0,0,1,0.47,1.15
B-XMRUSDT,1574316000000,1574325000000,58.08,57.31168601202784,5.25,10,1,0,0,0,1,3.08,0.00
B-XMRUSDT,1574348400000,1574430300000,54.19,49.361052981419135,5.25,91,1,0,0,0,1,3.19,0.47
B-XMRUSDT,1576609200000,1576614600000,46.23,45.02847682634677,3.00,6,1,0,0,0,1,3.05,0.00
B-XMRUSDT,1577971800000,1577988000000,45.71,44.359913533256616,5.25,18,1,0,0,0,1,3.04,0.64
B-XMRUSDT,1578922200000,1578931200000,56.85,57.81927804812571,-1.00,10,1,0,0,0,1,0.20,1.06
B-XMRUSDT,1581778800000,1581781500000,96.48,95.20100728090199,5.25,3,1,0,0,0,1,10.91,0.47
B-XMRUSDT,1583603100000,1583671500000,66.19,63.480870913856606,5.25,76,1,0,0,0,1,4.14,0.08
B-XMRUSDT,1583946000000,1583954100000,52.72,54.199973628149245,-1.00,9,1,0,0,0,1,1.18,1.03
B-XMRUSDT,1583962200000,1583965800000,53.56,54.086975299647754,-1.00,4,1,0,0,0,1,0.97,1.42
B-XMRUSDT,1583985600000,1583988300000,50.03,51.05976401389344,-1.00,3,1,0,0,0,1,0.11,1.90
B-XMRUSDT,1583993700000,1584009000000,50.03,45.25905870912379,5.25,17,1,0,0,0,1,4.75,0.00
B-XMRUSDT,1594209600000,1594215000000,66.17,66.76492731066536,-1.00,6,1,0,0,0,1,0.81,1.53
B-XMRUSDT,1600604100000,1600674300000,93.06,94.5056070557179,-1.00,78,1,0,0,0,1,1.79,1.00
B-XMRUSDT,1602370800000,1602396900000,116.23,117.09608476904674,-1.00,29,1,0,0,0,1,0.97,1.04
B-XMRUSDT,1606137300000,1606140000000,124.47,126.4410758273779,-1.00,3,1,0,0,0,1,0.09,1.02
B-XMRUSDT,1610195400000,1610216100000,142.84,146.47966718512592,-1.00,23,1,0,0,0,1,0.39,1.04
B-XMRUSDT,1610277300000,1610283600000,151.33,160.46992509276984,-1.00,7,1,0,0,0,1,0.27,1.18
B-XMRUSDT,1618650900000,1618669800000,355.68,363.66856282167896,-1.00,21,1,0,0,0,1,1.11,1.17
B-XMRUSDT,1638499500000,1638513900000,237.3,242.33064871619644,-1.00,16,1,0,0,0,1,0.10,1.17
B-XMRUSDT,1642714200000,1642735800000,197,180.24032804443542,5.25,24,1,0,0,0,1,3.03,0.00
B-XMRUSDT,1649664900000,1649727000000,231.4,242.0487478365508,-1.00,69,1,0,0,0,1,1.52,1.16
B-XMRUSDT,1668933000000,1668980700000,132.9,129.2428468136434,3.00,53,1,0,0,0,1,3.45,0.90
B-XMRUSDT,1685920500000,1685942100000,148.3,146.53963693282384,5.25,24,1,0,0,0,1,3.07,0.34
B-XMRUSDT,1692216900000,1692305100000,154.1,148.6187699427725,5.25,98,1,0,0,0,1,3.07,0.38
B-XMRUSDT,1698531300000,1698584400000,161.8,162.8150507167226,-1.00,59,1,0,0,0,1,1.87,1.18
B-DASHUSDT,1554176700000,1554179400000,111.98,114.6456031616162,-1.00,3,1,0,0,0,1,0.03,1.62
B-DASHUSDT,1557518400000,1557530100000,112.56,113.14650187172944,-1.00,13,1,0,0,0,1,2.51,1.33
B-DASHUSDT,1557572400000,1557593100000,118.65,121.69944479470362,-1.00,23,1,0,0,1,1,0.23,1.02
B-DASHUSDT,1568222100000,1568295900000,82.34,83.52499609961436,-1.00,82,1,0,0,0,1,0.85,1.05
B-DASHUSDT,1568635200000,1568652300000,89.38,90.74809348282841,-1.00,19,1,0,0,1,1,1.10,2.51
B-DASHUSDT,1571644800000,1571654700000,69.18,69.53081198007489,-1.00,11,1,0,0,1,1,0.77,1.57
B-DASHUSDT,1571979600000,1571982300000,62.36,62.78964448663912,-1.00,3,1,0,0,0,1,0.00,1.21
B-DASHUSDT,1574324100000,1574330400000,63.02,61.949845169438504,3.00,7,1,0,0,0,1,3.06,0.00
B-DASHUSDT,1579017600000,1579045500000,83.38,88.73695679507833,-1.00,31,1,0,0,0,1,0.90,1.22
B-DASHUSDT,1580812200000,1580880600000,108.8,111.97345928533669,-1.00,76,1,0,0,1,1,0.09,1.20
B-DASHUSDT,1581781500000,1581866100000,126.04,111.5581383586919,5.25,94,1,0,0,0,1,3.06,0.37
B-DASHUSDT,1583584200000,1583600400000,92.18,89.34051299256204,3.00,18,1,0,0,0,1,3.65,0.70
B-DASHUSDT,1583625600000,1583678700000,86.67,81.6080821557318,4.50,59,1,0,0,0,1,3.15,0.41
B-DASHUSDT,1583947800000,1583951400000,69.35,70.80512216298932,-1.00,4,1,0,0,0,1,1.54,1.21
B-DASHUSDT,1584008100000,1584009900000,60.45,53.467516885496906,5.25,2,1,0,0,0,1,4.49,0.00
B-DASHUSDT,1591824600000,1591829100000,77.51,78.11957877683983,-1.00,5,1,0,0,0,1,0.00,1.21
B-DASHUSDT,1595765700000,1595781000000,74.68,75.2319684424137,-1.00,17,1,0,0,0,1,0.80,1.14
B-DASHUSDT,1596276900000,1596296700000,84.74,86.64838961932647,-1.00,22,1,0,0,0,1,0.42,1.03
B-DASHUSDT,1596664800000,1596711600000,91.76,93.5217839952508,-1.00,52,1,0,0,0,1,0.94,1.78
B-DASHUSDT,1601919900000,1601932500000,66.1,66.51726749003437,-1.00,14,1,0,0,0,1,0.46,1.05
B-DASHUSDT,1603077300000,1603100700000,66.47,66.80446819918815,-1.00,26,1,0,0,0,1,1.02,1.14
B-DASHUSDT,1606137300000,1606166100000,90.71,93.30668238140602,-1.00,32,1,0,0,0,1,0.54,1.26
B-DASHUSDT,1608174900000,1608189300000,103.4,105.49242414015055,-1.00,16,1,0,0,0,1,0.33,1.16
B-DASHUSDT,1608423300000,1608450300000,106.62,108.47488620075863,-1.00,30,1,0,1,0,1,1.26,1.42
B-DASHUSDT,1620089100000,1620120600000,322.7,341.29145475485404,-1.00,35,1,0,0,0,1,0.38,1.02
B-DASHUSDT,1626618600000,1626703200000,116.36,119.21115465739236,-1.00,94,1,0,0,0,1,2.40,25.13
B-DASHUSDT,1630926900000,1630997100000,260.8,247.59298679093132,5.25,78,1,0,0,0,1,3.41,0.00
B-DASHUSDT,1632049200000,1632096900000,197.6,189.89192688093348,4.50,53,1,0,0,0,1,4.01,0.62
B-DASHUSDT,1641320100000,1641411900000,136.2,130.44490237299146,4.50,102,1,0,0,0,1,4.22,0.42
B-DASHUSDT,1642714200000,1642729500000,126.6,116.10091750601305,5.25,17,1,0,0,0,1,3.00,0.00
B-DASHUSDT,1642766400000,1642800600000,117.1,111.32621841730207,5.25,38,1,0,0,0,1,4.47,0.83
B-DASHUSDT,1663459200000,1663515900000,44.28,43.20315208164142,5.25,63,1,0,0,0,1,3.06,0.98
B-DASHUSDT,1667859300000,1667868300000,45.38,46.54739975737389,-1.00,10,1,0,0,0,1,0.15,1.03
B-DASHUSDT,1673137800000,1673145000000,45.91,46.34580690558304,-1.00,8,1,0,0,0,1,0.48,1.45
B-DASHUSDT,1673178300000,1673190000000,47.39,47.75363726775519,-1.00,13,1,0,0,0,1,0.58,1.04
B-DASHUSDT,1689207300000,1689229800000,33.31,33.53656719919552,-1.00,25,1,0,0,0,1,1.81,1.15
B-DASHUSDT,1692126000000,1692307800000,29.65,24.44066825631675,5.25,202,1,0,0,1,1,4.05,0.17
B-DASHUSDT,1701607500000,1701650700000,31.24,31.687911225327486,-1.00,48,1,0,0,0,1,0.49,1.18
B-DASHUSDT,1711457100000,1711463400000,39.02,37.834512689285674,3.00,7,1,0,0,0,1,3.69,0.08
B-DASHUSDT,1712842200000,1712869200000,36.58,37.148823569753226,-1.00,30,1,0,0,0,1,0.56,1.05
B-DASHUSDT,1712937600000,1712942100000,35.87,34.300720917205865,5.25,5,1,0,0,0,1,3.56,0.52
B-DASHUSDT,1712946600000,1732373100000,29.78,34.42865112600676,-1.00,21585,1,0,0,0,1,2.32,1.00
B-DASHUSDT,1733703300000,1733727600000,57.69,55.5912759585561,5.25,27,1,0,0,0,1,4.26,0.13
B-DASHUSDT,1738440000000,1738451700000,31.91,30.569077479762853,3.00,13,1,0,0,0,1,3.09,0.34
B-DASHUSDT,1740360600000,1740387600000,26.61,25.53495668815846,3.00,30,1,0,0,1,1,3.10,0.14
B-DASHUSDT,1745755200000,1745757900000,21.66,21.837757637590013,-1.00,3,1,0,0,1,1,1.07,1.18
B-DASHUSDT,1756518300000,1756522800000,22.35,22.622928391379492,-1.00,5,1,0,0,0,1,0.04,1.06
B-DASHUSDT,1758446100000,1758447900000,22.91,23.148143867310736,-1.00,2,1,0,0,0,1,0.29,1.05
B-DASHUSDT,1759879800000,1759889700000,29.92,30.6715002525087,-1.00,11,1,0,0,0,1,0.28,1.06
B-DASHUSDT,1760047200000,1760057100000,35.46,36.570089595249605,-1.00,11,1,0,0,0,1,0.76,1.42
B-DASHUSDT,1762140600000,1762172100000,85.39,89.6906669283656,-1.00,35,1,0,1,1,0,1.36,1.06
B-DASHUSDT,1766760300000,1766797200000,39.06,39.5796400478854,-1.00,41,1,0,0,0,1,0.94,1.02
B-ZECUSDT,1554077700000,1554079500000,58.32,58.97124487155031,-1.00,2,1,0,0,0,1,0.21,1.64
B-ZECUSDT,1557520200000,1557542700000,57.4,58.03327081945076,-1.00,25,1,0,0,0,1,0.63,1.23
B-ZECUSDT,1557572400000,1557585900000,60.38,61.91698374657565,-1.00,15,1,0,0,0,1,0.32,1.01
B-ZECUSDT,1561468500000,1561507200000,105.59,106.86198922332497,-1.00,43,1,0,1,0,1,1.81,2.52
B-ZECUSDT,1561581000000,1561591800000,108.21,115.84743345604204,-1.00,12,1,0,0,0,1,0.23,1.02
B-ZECUSDT,1565745300000,1565748900000,54.77,55.22977328309136,-1.00,4,1,0,0,1,1,1.67,4.35
B-ZECUSDT,1566684000000,1566686700000,49.74,50.034296725758324,-1.00,3,1,0,0,1,1,0.44,2.89
B-ZECUSDT,1566695700000,1566718200000,50.11,50.37035664362586,-1.00,25,1,0,0,0,1,1.77,1.11
B-ZECUSDT,1569260700000,1569323700000,44.45,45.18914873736647,-1.00,70,1,0,0,0,1,1.33,1.99
B-ZECUSDT,1569337200000,1569350700000,42.93,39.70858707194089,5.25,15,1,0,0,0,1,3.98,0.84
B-ZECUSDT,1574334000000,1574348400000,32.05,30.562233445708365,3.00,16,1,0,0,0,1,3.15,0.91
B-ZECUSDT,1577971800000,1577972700000,27.46,27.545163699310812,-1.00,1,1,0,0,0,1,0.70,1.17
B-ZECUSDT,1578579300000,1578672000000,31.47,32.03181988576221,-1.00,103,1,0,0,0,1,2.60,1.33
B-ZECUSDT,1579017600000,1579021200000,42.8,44.63560323833314,-1.00,4,1,0,0,1,1,0.99,1.19
B-ZECUSDT,1581781500000,1581866100000,68.19,58.85519497883125,4.50,94,1,0,0,0,1,3.03,0.25
B-ZECUSDT,1583625600000,1583647200000,50.14,48.528190261254785,5.25,24,1,0,0,0,1,3.52,0.24
B-ZECUSDT,1583669700000,1583671500000,48.74,47.6729479947243,5.25,2,1,0,0,0,1,3.23,0.11
B-ZECUSDT,1583937000000,1583950500000,39.6,37.41090271226896,5.25,15,1,0,0,0,1,3.14,0.59
B-ZECUSDT,1583976600000,1583993700000,39.31,37.02744506727101,5.25,19,1,0,0,0,1,3.11,0.03
B-ZECUSDT,1584007200000,1584009000000,34.76,32.019943480380356,5.25,2,1,0,0,0,1,5.24,0.01
B-ZECUSDT,1586106000000,1586132100000,32.34,32.78063236905965,-1.00,29,1,0,1,0,1,1.02,1.57
B-ZECUSDT,1586940300000,1586972700000,35.3,35.719976722309916,-1.00,36,1,0,0,0,1,1.29,1.24
B-ZECUSDT,1588981500000,1589068800000,46.76,44.46271922054162,5.25,97,1,0,0,1,1,3.84,0.97
B-ZECUSDT,1590749100000,1590760800000,46.22,46.90082301968959,-1.00,13,1,0,0,0,1,0.12,1.23
B-ZECUSDT,1590796800000,1590809400000,46.46,46.71614655331403,-1.00,14,1,0,0,0,1,0.98,1.56
B-ZECUSDT,1595240100000,1595293200000,57.7,58.41334841923615,-1.00,59,1,0,0,0,1,1.18,1.07
B-ZECUSDT,1606137300000,1606150800000,70.92,73.4923704172889,-1.00,15,1,0,0,0,1,0.20,1.41
B-ZECUSDT,1609962300000,1609989300000,62.55,65.13288740763983,-1.00,30,1,0,0,0,1,0.32,1.01
B-ZECUSDT,1610273700000,1610283600000,80.41,86.29688756942193,-1.00,11,1,0,0,0,1,0.80,1.11
B-ZECUSDT,1612863000000,1612881900000,101.21,104.31517131385357,-1.00,21,1,0,0,0,1,0.47,1.03
B-ZECUSDT,1612958400000,1613031300000,114.13,117.81199854323415,-1.00,76,1,0,0,0,1,2.11,1.57
B-ZECUSDT,1613995200000,1614068100000,144.56,118.0724450586996,3.00,81,1,0,0,0,1,3.01,0.43
B-ZECUSDT,1618650900000,1618679700000,283.9,291.14955565213774,-1.00,32,1,0,0,0,1,1.90,1.12
B-ZECUSDT,1624182300000,1624191300000,126.92,119.4778979329256,3.00,10,1,0,0,1,1,3.00,0.08
B-ZECUSDT,1630926900000,1631002500000,172.1,162.42603371698146,5.25,84,1,0,0,0,1,4.31,0.65
B-ZECUSDT,1632051900000,1632105000000,136.1,127.46056980225543,5.25,59,1,0,0,0,1,3.23,0.76
B-ZECUSDT,1634403600000,1634409900000,125.1,126.550791940283,-1.00,7,1,0,0,0,1,0.48,1.03
B-ZECUSDT,1635598800000,1635645600000,155.8,158.2746841261717,-1.00,52,1,0,0,0,1,2.51,1.29
B-ZECUSDT,1636378200000,1636382700000,164.7,166.1207616125663,-1.00,5,1,0,0,0,1,0.77,1.76
B-ZECUSDT,1642714200000,1642729500000,124.9,114.65218527282195,5.25,17,1,0,0,0,1,3.19,0.00
B-ZECUSDT,1642734000000,1642771800000,112.1,114.73110064021843,-1.00,42,1,0,0,1,1,1.71,1.03
B-ZECUSDT,1646681400000,1646690400000,107.2,109.89224791902036,-1.00,10,1,0,0,0,1,0.74,1.15
B-ZECUSDT,1659916800000,1659917700000,70.7,70.60085379321482,-1.00,1,1,0,1,1,0,0.00,0.00
B-ZECUSDT,1667859300000,1667930400000,50.4,45.248991240211055,5.25,79,1,0,0,0,1,3.03,0.82
B-ZECUSDT,1688044500000,1688090400000,29.76,30.272853891115343,-1.00,51,1,0,0,0,1,1.03,1.74
B-ZECUSDT,1689260400000,1689262200000,29.88,30.227321734440533,-1.00,2,1,0,0,0,1,0.12,2.25
B-ZECUSDT,1692216900000,1692307800000,26.12,22.72913335512961,5.25,101,1,0,0,0,1,3.91,0.89
B-ZECUSDT,1698066900000,1698079500000,26.08,26.331990616102882,-1.00,14,1,0,0,0,1,0.48,1.35
B-ZECUSDT,1702163700000,1702175400000,33.46,33.97019004928614,-1.00,13,1,0,0,0,1,0.84,1.31
B-ZECUSDT,1702791000000,1702817100000,29.71,30.06881159597426,-1.00,29,1,0,0,0,1,0.61,1.09
B-ZECUSDT,1709573400000,1709587800000,31.91,32.794098936099495,-1.00,16,1,0,0,0,1,1.26,1.01
B-ZECUSDT,1712942100000,1713038400000,24.73,20.090549489275745,5.25,107,1,0,0,0,1,4.07,0.28
B-ZECUSDT,1718579700000,1718581500000,22.71,22.8141966855227,-1.00,2,1,0,0,0,1,0.38,1.92
B-ZECUSDT,1719161100000,1719172800000,19.54,19.75366468812729,-1.00,13,1,0,0,0,1,0.09,1.17
B-ZECUSDT,1720079100000,1720098900000,19.67,18.831416443205168,5.25,22,1,0,0,1,1,3.68,0.86
B-ZECUSDT,1723403700000,1723415400000,39.65,41.06496588842435,-1.00,13,1,0,0,1,1,0.25,1.17
B-ZECUSDT,1724397300000,1724440500000,40.38,40.7265389703297,-1.00,48,1,0,1,1,0,1.96,3.26
B-ZECUSDT,1728506700000,1728508500000,28.76,29.036731903637733,-1.00,2,1,0,0,0,1,0.18,1.19
B-ZECUSDT,1728567000000,1728574200000,30.61,31.116561610535335,-1.00,8,1,0,0,0,1,0.34,1.28
B-ZECUSDT,1732572900000,1732574700000,47.5,48.50046311621357,-1.00,2,1,0,0,0,1,0.93,1.20
B-ZECUSDT,1733135400000,1733138100000,57.73,59.3197962112003,-1.00,3,1,0,0,0,1,0.30,1.00
B-ZECUSDT,1738462500000,1738474200000,37.95,38.95675918616454,-1.00,13,1,0,0,0,1,0.57,1.08
B-ZECUSDT,1739714400000,1739718000000,31.68,32.14387951747864,-1.00,4,1,0,0,0,1,0.50,1.08
B-ZECUSDT,1747847700000,1747856700000,40.93,42.03913678648054,-1.00,10,1,0,0,0,1,0.12,1.04
B-ZECUSDT,1756633500000,1756665900000,40.13,40.522487746777244,-1.00,36,1,0,0,0,1,0.46,1.35
B-ZECUSDT,1757157300000,1757162700000,42.14,42.636902050495905,-1.00,6,1,0,0,0,1,0.54,1.11
B-ZECUSDT,1757754900000,1757756700000,49.55,49.89425339757445,-1.00,2,1,0,0,0,1,0.23,4.21
B-ZECUSDT,1759147200000,1759150800000,68.02,64.24693672235294,3.00,4,1,0,0,0,1,4.06,0.34
B-ZECUSDT,1759225500000,1759240800000,64.35,68.7661054884771,-1.00,17,1,0,0,0,1,0.10,1.07
B-ZECUSDT,1767793500000,1767844800000,480.86,455.34024846643035,4.50,57,1,0,0,0,1,3.75,0.67
B-ZECUSDT,1768698000000,1768726800000,393.65,401.24525272724384,-1.00,32,1,0,0,0,1,0.27,1.01
B-NEOUSDT,1515869100000,1515941100000,141.31,150.67840352230272,-1.00,80,1,0,0,0,1,0.99,1.14
B-NEOUSDT,1521327600000,1521339300000,61.167,57.377857638675486,3.00,13,1,0,0,0,1,3.00,0.10
B-NEOUSDT,1525971600000,1525997700000,73.578,67.87901209334949,4.50,29,1,0,0,0,1,3.12,0.19
B-NEOUSDT,1528587900000,1528650000000,50.799,47.532640692325884,5.25,69,1,0,0,0,1,3.30,0.00
B-NEOUSDT,1530455400000,1530459900000,30.123,30.7753909260254,-1.00,5,1,0,0,0,1,0.50,1.57
B-NEOUSDT,1539141300000,1539219600000,18.179,17.560185277424186,5.25,87,1,0,0,0,1,5.38,1.00
B-NEOUSDT,1542537900000,1542560400000,12.52,12.6728995823175,-1.00,25,1,0,0,0,1,0.00,1.18
B-NEOUSDT,1542571200000,1542589200000,12.627,12.193199875540362,5.25,20,1,0,0,0,1,4.34,0.62
B-NEOUSDT,1542614400000,1542689100000,11.033,9.854582035741728,5.25,83,1,0,0,0,1,3.52,0.05
B-NEOUSDT,1545577200000,1545589800000,7.371,7.643751201324074,-1.00,14,1,0,1,1,1,0.21,1.04
B-NEOUSDT,1546725600000,1546786800000,7.682,7.837630692971621,-1.00,68,1,0,0,0,1,0.96,3.08
B-NEOUSDT,1548548100000,1548609300000,7.323,7.443217111978672,-1.00,68,1,0,0,0,1,1.47,1.36
B-NEOUSDT,1550310300000,1550377800000,8.038,8.21114666121224,-1.00,75,1,0,0,0,1,1.10,1.07
B-NEOUSDT,1553860800000,1553877900000,9.367,9.500292466239987,-1.00,19,1,0,0,0,1,0.04,1.52
B-NEOUSDT,1554119100000,1554165900000,10.039,10.140733599055757,-1.00,52,1,0,0,0,1,1.07,1.24
B-NEOUSDT,1556015400000,1556064000000,10.689,10.182907963898876,3.00,54,1,0,0,1,1,3.05,0.83
B-NEOUSDT,1556459100000,1556528400000,9.49,9.672660381803592,-1.00,77,1,0,0,0,1,1.42,1.92
B-NEOUSDT,1557378000000,1557458100000,8.879,8.400090752357315,5.25,89,1,0,0,0,1,3.42,0.13
B-NEOUSDT,1561161600000,1561166100000,13.852,14.075995566325584,-1.00,5,1,0,0,0,1,0.23,1.78
B-NEOUSDT,1563049800000,1563119100000,13.894,12.470188485169794,3.00,77,1,0,0,0,1,3.36,0.87
B-NEOUSDT,1568635200000,1568678400000,9.017,9.123485552782977,-1.00,48,1,0,0,0,1,1.31,1.93
B-NEOUSDT,1569247200000,1569249900000,8.895,8.97907327722085,-1.00,3,1,0,0,0,1,2.19,1.25
B-NEOUSDT,1569276000000,1569286800000,8.574,8.710223081493549,-1.00,12,1,0,0,0,1,0.47,1.08
B-NEOUSDT,1571126400000,1571136300000,7.461,7.521930672875192,-1.00,11,1,0,0,0,1,0.59,1.17
B-NEOUSDT,1571970600000,1572005700000,6.987,7.055998655779034,-1.00,39,1,0,0,1,1,2.19,1.41
B-NEOUSDT,1572075000000,1572130800000,8.659,9.008712655302839,-1.00,62,1,0,0,1,1,1.41,1.09
B-NEOUSDT,1583625600000,1583678700000,11.415,10.762981231654543,4.50,59,1,0,0,0,1,3.11,0.05
B-NEOUSDT,1583920800000,1583946000000,9.582,9.173489427157822,5.25,28,1,0,0,0,1,3.37,0.84
B-NEOUSDT,1583977500000,1583996400000,8.976,8.141247793349272,5.25,21,1,0,0,0,1,3.23,0.23
B-NEOUSDT,1584008100000,1584009900000,7.842,6.964084325225667,5.25,2,1,0,0,0,1,4.42,0.05
B-NEOUSDT,1588914000000,1588916700000,9.87,9.938458203223359,-1.00,3,1,0,0,0,1,1.20,1.18
B-NEOUSDT,1589987700000,1590070500000,10.147,9.643841944300265,5.25,92,1,0,0,0,1,3.14,0.33
B-NEOUSDT,1590868800000,1590877800000,10.779,10.994337018230944,-1.00,10,1,0,0,0,1,0.71,1.72
B-NEOUSDT,1595268000000,1595273400000,10.543,10.410518673300391,5.25,6,1,0,0,0,1,5.05,0.38
B-NEOUSDT,1596974400000,1597021200000,13.075,13.18554611997868,-1.00,52,1,0,0,0,1,2.85,1.49
B-NEOUSDT,1605909600000,1605916800000,16.336,16.508434558794285,-1.00,8,1,0,0,0,1,1.04,1.59
B-NEOUSDT,1606137300000,1606153500000,17.719,18.211556286364964,-1.00,18,1,0,0,0,1,0.29,1.58
B-NEOUSDT,1607416200000,1607476500000,17.011,15.952849762405375,5.25,67,1,0,0,0,1,3.01,0.31
B-NEOUSDT,1609962300000,1609971300000,18.355,19.30398639832174,-1.00,10,1,0,0,1,1,0.68,1.45
B-NEOUSDT,1610250300000,1610253900000,21.965,22.49225982096043,-1.00,4,1,0,0,0,1,0.07,1.21
B-NEOUSDT,1617112800000,1617124500000,44.464,45.07792530681829,-1.00,13,1,0,0,0,1,0.25,1.01
B-NEOUSDT,1627633800000,1627659000000,34.648,35.60155012725922,-1.00,28,1,0,0,1,1,1.07,2.57
B-NEOUSDT,1630926900000,1631002500000,64.98,60.479349064030686,5.25,84,1,0,0,0,1,4.13,0.12
B-NEOUSDT,1641321000000,1641372300000,26.3,26.798436017029186,-1.00,57,1,0,0,0,1,0.88,1.06
B-NEOUSDT,1642434300000,1642489200000,23.99,24.264788204749735,-1.00,61,1,0,0,0,1,1.86,1.09
B-NEOUSDT,1642714200000,1642734900000,23.65,21.76294775069133,5.25,23,1,0,0,0,1,3.27,0.00
B-NEOUSDT,1642768200000,1642779900000,21.04,21.629937971101345,-1.00,13,1,0,0,0,1,0.12,1.08
B-NEOUSDT,1655000100000,1655016300000,10.27,10.64958922822392,-1.00,18,1,0,0,0,1,0.58,1.08
B-NEOUSDT,1666461600000,1666464300000,7.91,7.945973699170314,-1.00,3,1,0,0,0,1,0.28,1.39
B-NEOUSDT,1667859300000,1667884500000,8.52,7.833778296766946,5.25,28,1,0,0,0,1,3.15,0.87
B-NEOUSDT,1675860300000,1675872900000,8.97,8.660564574749628,5.25,14,1,0,0,0,1,3.30,0.39
B-NEOUSDT,1676858400000,1676861100000,10.5,10.642756258191334,-1.00,3,1,0,1,1,0,0.21,3.64
B-NEOUSDT,1680703200000,1680734700000,11.9,12.022391190432346,-1.00,35,1,0,0,0,1,1.39,1.06
B-NEOUSDT,1682460000000,1682499600000,10.93,11.008840095883556,-1.00,44,1,0,0,0,1,2.03,1.14
B-NEOUSDT,1684633500000,1684691100000,9.37,9.178290978361868,5.25,64,1,0,0,0,1,3.13,0.94
B-NEOUSDT,1684712700000,1684713600000,9.11,9.162719622039342,-1.00,1,1,0,0,0,1,0.19,4.36
B-NEOUSDT,1688103000000,1688112900000,9.06,9.2107051952856,-1.00,11,1,0,0,1,1,0.40,1.26
B-NEOUSDT,1692035100000,1692057600000,8.52,8.55551549744342,-1.00,25,1,0,0,0,1,1.41,1.13
B-NEOUSDT,1692083700000,1692085500000,8.37,8.405981322325669,-1.00,2,1,0,0,0,1,0.28,1.67
B-NEOUSDT,1692122400000,1692126000000,8.32,8.137373431588692,5.25,4,1,0,0,0,1,10.02,0.33
B-NEOUSDT,1692216900000,1692307800000,7.7,7.006756001573319,5.25,101,1,0,0,0,1,5.67,0.52
B-NEOUSDT,1696181400000,1696196700000,7.43,7.499510416911783,-1.00,17,1,0,0,0,1,0.29,1.01
B-NEOUSDT,1697937300000,1697948100000,7.02,7.079941476315775,-1.00,12,1,0,0,0,1,0.50,1.00
B-NEOUSDT,1698327900000,1698345000000,7.7,7.827083114855001,-1.00,19,1,0,0,0,1,2.60,1.50
B-NEOUSDT,1704205800000,1704282300000,13.91,13.309986789066647,4.50,85,1,0,0,0,1,3.35,0.95
B-NEOUSDT,1709048700000,1709061300000,13.03,13.276202044797529,-1.00,14,1,0,0,0,1,0.53,1.14
B-NEOUSDT,1709110800000,1709117100000,13.39,13.767921156767718,-1.00,7,1,0,0,0,1,0.03,1.30
B-NEOUSDT,1712544300000,1712560500000,15.2,15.391962277780573,-1.00,18,1,0,0,0,1,0.63,1.04
B-NEOUSDT,1716130800000,1716132600000,14.95,15.087608771455804,-1.00,2,1,0,0,0,1,0.00,1.09
B-NEOUSDT,1716142500000,1716146100000,14.74,14.877484918718762,-1.00,4,1,0,0,1,1,0.29,1.09
B-NEOUSDT,1717691400000,1717694100000,15.07,15.194602727608176,-1.00,3,1,0,0,0,1,0.00,1.77
B-NEOUSDT,1719161100000,1719206100000,11.07,10.70739139353015,5.25,50,1,0,0,1,1,3.23,0.74
B-NEOUSDT,1720054800000,1720088100000,10.9,10.347255473123612,5.25,37,1,0,0,0,1,3.09,0.00
B-NEOUSDT,1722756600000,1722787200000,9.58,9.14654534388587,5.25,34,1,0,0,0,1,3.18,0.69
B-NEOUSDT,1723374000000,1723387500000,9.83,9.555501465658379,3.00,15,1,0,0,1,1,3.50,0.00
B-NEOUSDT,1727613900000,1727617500000,10.75,10.861012755832496,-1.00,4,1,0,0,1,1,0.72,1.17
B-NEOUSDT,1731114900000,1731131100000,10.17,10.31077971530789,-1.00,18,1,0,0,0,1,0.14,1.14
B-NEOUSDT,1731171600000,1731178800000,10.18,10.324318576592503,-1.00,8,1,0,0,1,1,0.35,1.18
B-NEOUSDT,1733017500000,1733058900000,15.69,15.974072388220996,-1.00,46,1,0,0,0,1,0.77,1.13
B-NEOUSDT,1737882900000,1737896400000,14.16,14.327636447995879,-1.00,15,1,0,0,0,1,0.78,1.49
B-NEOUSDT,1738461600000,1738510200000,13.39,12.521918141797421,3.00,54,1,0,0,0,1,3.46,0.17
B-NEOUSDT,1740358800000,1740371400000,10.5,10.093262173049732,3.00,14,1,0,0,1,1,3.39,0.22
B-NEOUSDT,1740384000000,1740425400000,10.12,9.785958181410093,5.25,46,1,0,0,0,1,3.41,0.54
B-NEOUSDT,1743343200000,1743615000000,5.99,4.640278436792795,5.25,302,1,0,0,0,1,3.40,0.04
B-NEOUSDT,1755610200000,1755690300000,6.03,6.120843228472572,-1.00,89,1,0,0,0,1,2.20,6.05
B-NEOUSDT,1756015200000,1756027800000,6.951,7.056231114672051,-1.00,14,1,0,0,0,1,0.67,2.02
B-NEOUSDT,1762092900000,1762124400000,5.154,5.233551565366468,-1.00,35,1,0,0,0,1,0.94,1.13
B-NEOUSDT,1765722600000,1765755000000,3.976,3.8946142709915215,5.25,36,1,0,0,0,1,4.20,0.74